image,caption,caption_kind,source,date,is_cam,cam_score,url,video_id,duration,post_title,description
images/nzp_youtube_M8WfCNBE7t8.jpg,"B-Roll: Giant Panda Bao Li's 5th Birthday Celebration (Aug. 4, 2026)",title,nzp_youtube,"Aug 4, 2026",False,0.0053,https://www.youtube.com/watch?v=M8WfCNBE7t8,M8WfCNBE7t8,124,,"Dive into five! Giant panda Bao Li celebrated turning five with a shark-themed birthday bash this morning at Smithsonian’s National Zoo and Conservation Biology Institute. The “bearthday” boy enjoyed a special panda-friendly fruitsicle cake made by the Zoo’s Department of Nutrition Science as crowds gathered at the David M. Rubenstein Family Giant Panda Habitat.
 
Bao Li’s shark-themed party was inspired by a stripe of longer fur that runs down the middle of his back, which keepers affectionately call his “shark fin.” Using frozen diluted apple and pineapple juices, commissary keepers topped the multi-tiered cake with a gray shark fin. Bao Li removed all of the decorative elements—“minnows” carved from sweet potatoes, blueberry “bubbles,” a carrot carved into a palm tree with pineapple leaf fronds, and “sand” made of crushed leafeater biscuits—before sinking his teeth into the frozen cake tiers. He also chilled for a while with the cake against his belly.
 
 “We’re gonna need a bigger "
images/nzp_youtube_s-lxbWhtq40.jpg,Giant Pandas Bao Li and Qing Bao Socialize in the Snow,title,nzp_youtube,"Jan 27, 2026",True,0.0588,https://www.youtube.com/watch?v=s-lxbWhtq40,s-lxbWhtq40,61,,"Snow wasn't the only thing in the air during the storm! 💕 

On Sunday, Bao Li and Qing Bao spent a lot of time interacting with each other through the “howdy” gate — a mesh screen that separates the two panda habitats— with adorable results!

Giant pandas tend to prefer their own space and usually only share habitat when they’re ready to reproduce, which is why they are housed separately at the Zoo. At just four years old, both Bao Li and Qing Bao are still a few years away from sexual maturity, which occurs around five to six years old. But keepers say the “teenage” pandas have expressed growing interest in each other lately, sharing greetings by bleating and pressing their noses against the gate. Or in Bao Li’s case, by showing off his impressive somersaulting skills.

Tune into our Panda Cam to catch all the antics by visiting https://s.si.edu/4rbOlOt

Credit: Smithsonian

Video description: a compilation of scenes filmed via the National Zoo's panda cam. The first scene shows Bao L"
images/nzp_youtube_KS4tqnNhuuw.jpg,Giant Pandas Qing Bao and Bao Li Play in Snow at Smithsonian's National Zoo,title,nzp_youtube,"Jan 26, 2026",False,-0.0076,https://www.youtube.com/watch?v=KS4tqnNhuuw,KS4tqnNhuuw,61,,"We are SNOW back!

On January 25, the National Zoo's giant pandas, Bao Li and Qing Bao, took full advantage of the snow day: climbing, tumbling and playing with their toys in the snow. Qing Bao in particular seemed to enjoy playing in the snow, while Bao Li showed off his somersaulting skills for her in front of the howdy gate.

As with all of our animals during cold weather, both bears had access to their indoor areas to stay warm. 

Credit: Roshan Patel/Smithsonian"
images/nzp_youtube_iOm9F5ISj_4.jpg,"#DCPandas: Happy 4th Birthday, Qing Bao!",title,nzp_youtube,"Sep 12, 2025",False,0.0074,https://www.youtube.com/watch?v=iOm9F5ISj_4,iOm9F5ISj_4,61,,"Join us in wishing our “4-ever sweet” giant panda Qing Bao a happy 4th birthday! Shortly after 9 a.m., animal care staff presented her with a special panda-friendly fruitsicle cake made by the Zoo’s Department of Nutrition Science. Commissary keepers crafted the multi-tiered cake using frozen-diluted beet, pineapple and apple juices mixed with water. A giant number 4 adorned the cake, which was decorated with some of Qing Bao's favorite treats, including apples, shredded carrots, sweet potato puree, blueberries, strawberries and peaches. 

Virtual visitors tuned into the Zoo’s Giant Panda Cam, sponsored by The Boeing Company, to watch Qing Bao enjoy her birthday festivities.

Qing Bao took a very mindful, very demure journey to her party. Keepers hung her birthday gift—a new navy blue jolly ball—from a tree branch. Near the cake were several pink, purple and yellow enrichment boxes, each with a special message. After she batted the ball from the tree, Qing Bao ambled over to the box br"
images/nzp_youtube_mIUB5a0MGlA.jpg,Preparing for Pseudopregnancy with Giant Panda Qing Bao,title,nzp_youtube,"Aug 22, 2025",False,-0.0054,https://www.youtube.com/watch?v=mIUB5a0MGlA,mIUB5a0MGlA,34,,"Earlier this spring, giant panda Qing Bao experienced her first estrus cycle—the very short window when female giant pandas are able to conceive a cub. She and male Bao Li didn’t breed this year, but changes in Qing Bao’s behavior and hormones indicate she’s going through pseudopregnancy—the phenomenon where a female panda behaves as if she is pregnant, even though she isn't. Read the full #DCPandas update from keeper Mariel Lally. STORY: https://nationalzoo.si.edu/animals/ne...."
images/nzp_youtube_RnDyd3sGKwM.jpg,"#DCPandas: Happy 4th Birthday, Bao Li!",title,nzp_youtube,"Aug 4, 2025",False,0.0013,https://www.youtube.com/watch?v=RnDyd3sGKwM,RnDyd3sGKwM,43,,"ROAR, he’s FOUR! Join us in wishing giant panda Bao Li a dino-mite birthday! At 9 a.m., animal care staff presented Bao Li with a special panda-friendly fruitsicle cake made by the Zoo’s Department of Nutrition Science. Commissary keepers crafted the multi-tiered cake using frozen diluted pineapple juices. The treat was decorated with Bao Li’s favorite treats, including apples, carrots, sweet potatoes, blueberries and leafeater biscuits. The cake was topped with 4 “candles” made from one of the pandas’ favorite foods: sugar cane! 

Bao Li made a beeline straight for his cake. He snacked on a piece of sugar cane first, then plucked an apple from the top. He chewed each treat slowly, seeming to savor every bite! The cake was flanked by two colorful enrichment boxes, one was green with “Dino-4” in painted letters, and the other—a blue box inscribed with “To: Bao Li From: Your Keepers”—concealed a new buoy toy hidden inside. Keepers place a colorful hand-painted banner, complete with a pan"
images/nzp_youtube_IUjIau_d584.jpg,"#DCPandas: Giant Pandas Bao Li and Qing Bao Interact at the ""Howdy"" Window",title,nzp_youtube,"May 16, 2025",True,0.0296,https://www.youtube.com/watch?v=IUjIau_d584,IUjIau_d584,59,,"Giant pandas Bao Li and Qing Bao interact through a howdy window at Smithsonian's National Zoo on April 28, 2025. 
. . .
Read the latest Giant Panda Update: https://nationalzoo.si.edu/animals/ne.... 
. . . 
Follow the latest news about Bao Li and Qing Bao using the hashtag #DCPandas. 
. . . 
Watch the Giant Panda Cam, sponsored by Boeing: https://nationalzoo.si.edu/webcams/pa.... 
. . . 
Get giant pandas in your inbox! Sign up for the Zoo's e-newsletters: https://secure.nationalzoo.si.edu/acc...."
images/nzp_youtube_lCblMCbhflI.jpg,#DCPandas: Giant Panda Bao Li Plays Indoors,title,nzp_youtube,"May 16, 2025",True,0.0323,https://www.youtube.com/watch?v=lCblMCbhflI,lCblMCbhflI,53,,"Giant panda Bao Li splashes, climbs and roams around his indoor habitat at Smithsonian's National Zoo on March 26, 2025. 
. . .
Read the latest Giant Panda Update: https://nationalzoo.si.edu/animals/ne.... 
. . . 
Follow the latest news about Bao Li and Qing Bao using the hashtag #DCPandas. 
. . . 
Watch the Giant Panda Cam, sponsored by Boeing: https://nationalzoo.si.edu/webcams/pa.... 
. . . 
Get giant pandas in your inbox! Sign up for the Zoo's e-newsletters: https://secure.nationalzoo.si.edu/acc...."
images/nzp_youtube_CIRrujeMihE.jpg,#DCPandas: Giant Panda Qing Bao Plays Indoors,title,nzp_youtube,"May 16, 2025",True,0.0507,https://www.youtube.com/watch?v=CIRrujeMihE,CIRrujeMihE,42,,"Giant panda Qing Bao plays in her indoor habitat at Smithsonian's National Zoo on March 27, 2025. 
. . .
Read the latest Giant Panda Update: https://nationalzoo.si.edu/animals/ne.... 
. . . 
Follow the latest news about Bao Li and Qing Bao using the hashtag #DCPandas. 
. . . 
Watch the Giant Panda Cam, sponsored by Boeing: https://nationalzoo.si.edu/webcams/pa.... 
. . . 
Get giant pandas in your inbox! Sign up for the Zoo's e-newsletters: https://secure.nationalzoo.si.edu/acc...."
images/nzp_youtube_1Kl37O_h1lE.jpg,What Does A Panda Say?,title,nzp_youtube,"May 13, 2025",False,-0.0071,https://www.youtube.com/watch?v=1Kl37O_h1lE,1Kl37O_h1lE,120,,"This video was created for the Get a Head Start with the Smithsonian (GHSS) program. This National Zoo-based project brings the entire Smithsonian Institution into your preschool or Head Start classroom! GHSS explores popular Pre-K themes with live 30-minute virtual field trips that feature music, movement, and amazing animals. Caregivers can continue the fun by accessing playful, easy-to-use activities created by Smithsonian museums that meet early learning standards. 

To learn more, please visit: https://nationalzoo.si.edu/education/..."
images/nzp_youtube_zYA_AhIUTyk.jpg,#DCPandas: Bao Li and Qing Bao In A Tub,title,nzp_youtube,"Jan 10, 2025",False,0.0105,https://www.youtube.com/watch?v=zYA_AhIUTyk,zYA_AhIUTyk,61,,"If they fit, they sit! Giant pandas Bao Li and Qing Bao recently tested out tubs in their indoor habitats. Bao Li sat in the panda-sized space with his favorite green ball before he rolled onto his back and balanced it on his paws. Qing Bao climbed in and out of the tub, then took her orange ball for a short stroll. The Giant Panda Cam captured these paw-sitively adorable moments. It returns Jan. 24, just in time for Bao Li and Qing Bao’s public debut! 
. . . 
The bear pair will make their public debut on Friday, Jan. 24. Follow #DCPandas for updates. 🎟️ FREE ENTRY PASSES: nationalzoo.si.edu/dcpandas."
images/nzp_youtube_wTVtbr-R4yA.jpg,#DCPandas: Giant Pandas Bao Li and Qing Bao at Smithsonian's National Zoo,title,nzp_youtube,"Jan 10, 2025",False,0.008,https://www.youtube.com/watch?v=wTVtbr-R4yA,wTVtbr-R4yA,159,,"On Jan. 24, giant pandas Bao Li [BOW-lee] and Qing Bao [ching-BOW] will make their public debut at the Smithsonian’s National Zoo and Conservation Biology Institute (NZCBI). From Jan. 25 to Feb. 9, the Zoo will host a public celebration with a series of special events and programs, including a Lunar New Year event. The District of Panda Party is made possible with the support of The Boeing Company, FedEx, Pepco and Events DC. Learn more: https://nationalzoo.si.edu/news/giant.... 
. . . 
The Zoo will relaunch the Giant Panda Cam, sponsored by The Boeing Company, once Bao Li and Qing Bao make their public debut, ensuring virtual visitors can join in the celebration and welcome these animal ambassadors to Washington. 
. . . 
To follow the latest news about NZCBI’s panda program, visit the Zoo’s website, subscribe to its e-newsletter, and follow on Facebook, Instagram, YouTube and X using the hashtag #DCPandas."
images/nzp_youtube_ebcCgSRobc4.jpg,"Jan. 6, 2025: Giant Pandas Bao Li and Qing Bao Play In The Snow",title,nzp_youtube,"Jan 6, 2025",False,0.0234,https://www.youtube.com/watch?v=ebcCgSRobc4,ebcCgSRobc4,83,,"Tumbling in a winter wonderland! This morning, about 5 inches of snow blanketed the Washington, D.C., area, including giant panda Bao Li and Qing Bao's outdoor habitats. Flakes stuck to their fur as the bears frolicked and somersaulted in the snow. It was paws-itively the panda snowment of our dreams!  
. . . 
Giant pandas Bao Li and Qing Bao explore their snow-covered outdoor habitats Jan. 6, 2025, at the Smithsonian's National Zoo and Conservation Biology Institute. The bear pair will make their public debut on Friday, Jan. 24. Follow #DCPandas for updates. LEARN MORE: nationalzoo.si.edu/dcpandas. 
. . . 
TIME STAMPS
0:01-0:37 | Qing Bao
0:38-1:05 | Bao Li
1:06-1:23 | Qing Bao 
. . . 
MEDIA USE
Media (news) outlets may use the Smithsonian’s National Zoo and Conservation Biology Institute’s giant panda photos/videos for news purposes only with credit to Smithsonian’s National Zoo. Approved purposes include: print/online articles, broadcast reports and social media feeds."
images/nzp_youtube_ERqbJdRJOGo.jpg,#DCPandas: Qing Bao Climbs a Tree,title,nzp_youtube,"Jan 3, 2025",True,0.0558,https://www.youtube.com/watch?v=ERqbJdRJOGo,ERqbJdRJOGo,26,,"🐼🌳 Qing Bao is putting her climbing skills to the test in the treetop! From trees and wooden structures to rockwork and hammocks, there’s no shortage of interesting places for our giant pandas to explore. Providing Qing Bao and Bao Li with an outlet to exercise their natural climbing behaviors is one way our team helps the bear pair settle into their new home.
. . . 
🐾 Follow #DCPandas for updates, and meet Qing Bao and Bao Li when they make their giant debut Jan. 24, 2025. nationalzoo.si.edu/dcpandas."
images/nzp_youtube_3dpFucs5WG0.jpg,#DCPandas: A Merry Moment With Bao Li and Qing Bao,title,nzp_youtube,"Dec 25, 2024",False,0.0078,https://www.youtube.com/watch?v=3dpFucs5WG0,3dpFucs5WG0,57,,"Our gift to you: have yourself a merry little moment with giant pandas Bao Li and Qing Bao. Happy holidays from our wild family to yours! 
. . . 
Follow #DCPandas for updates, and meet our pandas when they make their giant debut Jan. 24, 2025. LEARN MORE: https://s.si.edu/3OT0lU4."
images/nzp_youtube_sBlO6CfRKik.jpg,#DCPandas: Enrichment With Giant Panda Bao Li,title,nzp_youtube,"Dec 20, 2024",True,0.0343,https://www.youtube.com/watch?v=sBlO6CfRKik,sBlO6CfRKik,29,,"What alluring aroma has Bao Li so excited? Decaying wood! Giant pandas enjoy playing in felled logs, and this one in Bao Li’s outdoor habitat gives him an opportunity to exercise this natural behavior. If giant pandas really like a scent, they will rub it all over themselves—a behavior called “scent-anointing.” 
. . . 
Follow #DCPandas for updates, and meet our pandas when they make their giant debut Jan. 24, 2025. LEARN MORE: https://s.si.edu/3OT0lU4."
images/nzp_youtube_5AzEWlVLC7s.jpg,#DCPandas: What's on the Menu for Giant Pandas?,title,nzp_youtube,"Dec 13, 2024",False,0.0026,https://www.youtube.com/watch?v=5AzEWlVLC7s,5AzEWlVLC7s,50,,"What’s on the menu for giant pandas Bao Li and Qing Bao? About 95% of a giant panda's diet is bamboo, and they eat massive quantities to get the vitamins and nutrients they need to survive. To satisfy the bears’ voracious appetites, our giant panda team feeds them between 80 and 100 pounds of bamboo each day!
. . .
Several times a week, our Department of Nutrition staff select, harvest and deliver bamboo to the pandas’ habitat. There, it’s labeled, rinsed and kept cool with automated water misters—just like the ones that keep parsley and cilantro fresh at the grocery store. With the “meal prep” complete, it’s ready for Bao Li and Qing Bao to eat!
. . .
Keepers pay close attention to which parts of the bamboo the pandas consume. Depending on the season and the type of bamboo, Bao Li and Qing Bao might devour the leaves or the stalk of the bamboo. STORY: https://nationalzoo.si.edu/animals/ne....
. . .
Follow #DCPandas for updates, and meet our pandas when they make their giant debut Jan."
images/nzp_youtube_hABsY96-LrM.jpg,#DCPandas: Qing Bao and Bao Li Play With Puzzle Feeders,title,nzp_youtube,"Dec 6, 2024",False,-0.0025,https://www.youtube.com/watch?v=hABsY96-LrM,hABsY96-LrM,57,,"Playing with your food is always allowed at the Zoo! In the wild, giant pandas spend much of their time looking for the perfect bamboo stalks to eat. To encourage Bao Li and Qing Bao to search for their Zoo diets, our giant panda team comes up with creative ways to make mealtime fun. In addition to bamboo, treats—such as diced fruits, vegetables and panda bread—are scattered throughout the habitats. 
. . .
They’re also hidden inside puzzle feeders—toys that are built to withstand the bears’ teeth, claws and pounces. To get the food out, the pandas chase, spin and push the feeders until they reap their rewards. Bao Li and Qing Bao seem to enjoy any toy that they can swat around, jump on top of, or carry around their habitat.
. . . 
Follow #DCPandas for updates, and meet our pandas when they make their giant debut Jan. 24, 2025. LEARN MORE: nationalzoo.si.edu/dcpandas."
images/nzp_youtube_Njl4ZTGBr-0.jpg,#DCPandas: A Moment of Panda Appreciation,title,nzp_youtube,"Nov 29, 2024",False,-0.0142,https://www.youtube.com/watch?v=Njl4ZTGBr-0,Njl4ZTGBr-0,58,,"Amid the holiday hustle and bustle, take a moment to get outside and reconnect with nature. Whether you have followed the Smithsonian’s National Zoo’s giant pandas since Ling-Ling and Hsing-Hsing arrived in 1972, or if you’ve just joined us since Bao Li and Qing Bao’s arrival, we are grateful for the opportunity to share these sweet and memorable moments with you.
. . .
Follow #DCPandas for updates, and meet our pandas when they make their giant debut Jan. 24, 2025. LEARN MORE: nationalzoo.si.edu/dcpandas."
images/nzp_youtube_ldtuxpGsg9Y.jpg,"#DCPandas: Let the Good Times Roll, Bao Li and Qing Bao!",title,nzp_youtube,"Nov 22, 2024",True,0.0901,https://www.youtube.com/watch?v=ldtuxpGsg9Y,ldtuxpGsg9Y,46,,"🐼🌀 Let the good times roll! To help giant pandas Bao Li and Qing Bao feel at home, keepers give them enrichment toys, which encourage them to be curious, play and use their natural behaviors. 
. . . 
🦪🌲Diamonds may be a girl’s best friend, but Qing Bao prefers pearls. Specifically, pearl balls strung together with woven yacht rope. Recently, she’s taken to carrying her favorite toy into the trees and rolling down the hill with the pearls between her paws. It’s great exercise! 
. . . 
🍎 👀 Bao Li seems to prefer toys that use both energy and brain power. Currently, his favorite toy is one where keepers hide hay and pieces of food inside. To move treats from the puzzle feeder to his belly, Bao Li spins, shakes or rolls the feeder around the yard until he has gobbled up every piece. This gives him an opportunity to use his problem-solving skills!
. . . 
🐾 Before the bears make their public debut, Zoo members can help them acclimate during a special preview Jan. 10 to 19! Reservations open "
images/nzp_youtube_f9KVNw799aE.jpg,#DCPandas: Giant Panda Qing Bao in Autumn,title,nzp_youtube,"Nov 15, 2024",False,-0.0074,https://www.youtube.com/watch?v=f9KVNw799aE,f9KVNw799aE,61,,"Can you be-leaf it’s already mid-November?! While giant pandas Bao Li and Qing Bao settle in, our animal care team ensures they have enriching environments. Trees for climbing, shallow pools for splashing and spices for scent-anointing encourage the bears to explore. Sometimes, engaging enrichment comes from mother nature herself—as our reserved and patient female panda, Qing Bao, recently experienced. Enjoy this moment of pause as Qing Bao takes in autumn in Washington, D.C.—in all its glory. 
. . .
Follow #DCPandas for updates, and meet our pandas when they make their giant debut Jan. 24, 2025. LEARN MORE: https://nationalzoo.si.edu/dcpandas."
images/nzp_youtube_pgxIO6nyZEY.jpg,#DCPandas: Bao Li and Qing Bao Settle In To Their New Home,title,nzp_youtube,"Nov 8, 2024",True,0.0291,https://www.youtube.com/watch?v=pgxIO6nyZEY,pgxIO6nyZEY,59,,"🐼 A moment of pause, courtesy of giant pandas Bao Li and Qing Bao. It takes a village to make a panda feel at home. While veterinarians and nutritionists focus on the physical side of a pandas’ overall health, the goal for the animal keepers is to make sure the pandas are feeling safe and confident in their new habitat. Panda keepers record the bears’ behavior and introduce activities designed to encourage the pandas to interact with their environment. They watch for signs the animals are playful and content. 
. . . 
“We want to see the pandas eating, playing, sleeping, and exploring their exhibit,” says keeper Mariel Lally. “We want to see parts of their personalities coming out. We want to see them feel safe and confident in their new spaces. We’re doing everything we can to make this a rewarding experience not just for the pandas, but for the visitors, too.” STORY: https://s.si.edu/3AsRa9o.
. . .
Bao Li and Qing Bao are currently in quarantine at the David M. Rubenstein Family Giant"
images/nzp_youtube_Hzz3cUnR4Nk.jpg,"#DCPandas: Happy Fall, Y'All!",title,nzp_youtube,"Nov 1, 2024",False,-0.0251,https://www.youtube.com/watch?v=Hzz3cUnR4Nk,Hzz3cUnR4Nk,60,,"Happy fall, y’all! The crisp, cool autumn mornings are prime for panda frolicking. Recently, our animal care team gave the bear pair access to their outdoor habitats for the first time. True to his “energetic” name, Bao Li got the zoomies and put his hammock to the test. Qing Bao, who keepers say is more reserved, reached new heights by climbing trees and logs.
. . .
Bao Li and Qing Bao are currently in quarantine at the David M. Rubenstein Family Giant Panda Habitat. Quarantine of new animals is a routine practice in zoos accredited by the Association of Zoos and Aquariums to reduce risk of introducing parasites or disease to other animals. During this period, animal care staff provide the pandas with a variety of enrichment items to keep them active and encourage them to explore their new environment.
. . .
Follow #DCPandas for updates, and meet our pandas when they make their GIANT debut Jan. 24, 2025! LEARN MORE: https://nationalzoo.si.edu/dcpandas."
images/nzp_youtube_Xt4IbcNSOHY.jpg,#DCPandas: Bao Li and Qing Bao Have a Ball,title,nzp_youtube,"Oct 25, 2024",True,0.0381,https://www.youtube.com/watch?v=Xt4IbcNSOHY,Xt4IbcNSOHY,44,,"🐼 🐾 🔵 Giant pandas Bao Li and Qing Bao are having a ball! While the bear pair acclimate to their new habitats, keepers presented them with new enrichment. These toys encourage our giant pandas to keep physically active and mentally sharp; they also give the bears an opportunity to use their natural behaviors and choose how to spend their time. When the pandas approach their new toys, they sniff them, paw at them or give them a nibble. Sometimes, they do a combination of all three!
. . . 
Bao Li and Qing Bao are currently in quarantine at the David M. Rubenstein Family Giant Panda Habitat. Quarantine of new animals is a routine practice in zoos accredited by the Association of Zoos and Aquariums to reduce risk of introducing parasites or disease to other animals. During this period, animal care staff provide the pandas with a variety of enrichment items to keep them active and encourage them to explore their new environment. 
. . . 
Follow #DCPandas for updates, and meet our pandas when"
images/nzp_youtube_X5qMofSis94.jpg,B-roll for Media: Giant Pandas Bao Li and Qing Bao Arrive at the Zoo,title,nzp_youtube,"Oct 22, 2024",False,-0.0623,https://www.youtube.com/watch?v=X5qMofSis94,X5qMofSis94,462,,
images/nzp_youtube_IKAgULbmAJ0.jpg,"Welcome, Bao Li and Qing Bao!",title,nzp_youtube,"Oct 22, 2024",False,0.0168,https://www.youtube.com/watch?v=IKAgULbmAJ0,IKAgULbmAJ0,58,,"Two ""treasures"" arrived at the Zoo today! Join us in welcoming giant pandas Bao Li and Qing Bao, who entered Zoo grounds shortly after 11:30 a.m. today and are settling into their new homes at the David M. Rubenstein Family Giant Panda Habitat.
. . .
🐼♂️ In Mandarin Chinese, ""Bao"" means 'precious' and 'treasure'. ""Li"" refers to vitality and strength. Put together, ""Bao Li"" means an active and vital power.
. . .
🐼♀️ Qing Bao's name means 'green' and 'treasure' in Mandarin Chinese. 'Qing' evokes the lush and mountainous habitat of pandas. 'Bao,' which means 'precious' and 'treasure,' reflects how cherished and adored she is.
. . .
✈️ Thank you to our partners at @FedEx for transporting our new bear pair and members of the panda team safely from China. Stay tuned for more updates about the bear pair by following #DCPandas.
. . .
🥳 Although the pandas are in quarantine and will not be on view for a while, there are plenty of ways to get in on the panda fun! Visit https://nationalzoo.si.edu"
images/nzp_youtube_Q_j8HkX4qV8.jpg,B roll for Media: David M. Rubenstein Family Giant Panda Habitat Renovation,title,nzp_youtube,"Oct 17, 2024",True,0.0549,https://www.youtube.com/watch?v=Q_j8HkX4qV8,Q_j8HkX4qV8,171,,"David M. Rubenstein Family Giant Panda Habitat Renovation in preparation for giant panda arrival."
images/nzp_youtube_15STunEjqno.jpg,B-roll for Media: Giant Pandas Bao Li and Qing Bao Arrive at the Zoo,title,nzp_youtube,"Oct 17, 2024",False,-0.0623,https://www.youtube.com/watch?v=15STunEjqno,15STunEjqno,462,,
images/nzp_youtube_uYZ-8MKHdcs.jpg,"Happy Birthday, Qing Bao!",title,nzp_youtube,"Sep 12, 2024",False,0.0189,https://www.youtube.com/watch?v=uYZ-8MKHdcs,uYZ-8MKHdcs,13,,"Join us in wishing a very happy ‘bearthday’ to giant panda Qing Bao! Three years ago today, she was born at the China Conservation and Research Center for the Giant Panda in Sichuan. We are thrilled to welcome her to Washington, D.C., before the end of the year!
. . .
Qing Bao’s name means 'green' and 'treasure' in Mandarin Chinese. 'Qing' evokes the lush and mountainous habitat of pandas. 'Bao,' which means 'precious' and 'treasure,' reflects how cherished and adored she is.
. . .
When Qing Bao arrives, she will be accompanied by Bao Li, a male giant panda who turned 3 years old in August. He has a deep connection to the Smithsonian’s National Zoo and Conservation Biology Institute. His mother, Bao Bao, was born here at the Zoo on Aug. 23, 2013. His grandparents, Tian Tian and Mei Xiang, are beloved in the Washington, D.C., area, where they served as ambassadors for their species for 23 years.
. . .
Lean more about our panda pair at https://nationalzoo.si.edu/dcpandas."
images/nzp_youtube_t9dO-EP8ZiI.jpg,"#DCPandas: Happy 3rd Birthday, Bao Li!",title,nzp_youtube,"Aug 4, 2024",False,0.0016,https://www.youtube.com/watch?v=t9dO-EP8ZiI,t9dO-EP8ZiI,17,,"🐼🎉 Sending GIANT birthday wishes to a ""pawsome"" panda: Bao Li! Today, this playful and charismatic cele-bear-ty turns 3 years old. We are so excited to welcome him to Washington, D.C., before the end of the year. 
. . . 
🖤🤍 Bao Li has a deep connection to the Smithsonian’s National Zoo and Conservation Biology Institute. His mother, Bao Bao, was born here at the Zoo on Aug. 23, 2013. His grandparents, Tian Tian and Mei Xiang, are beloved in the Washington, D.C., area, where they served as ambassadors for their species for 23 years.
. . . 
🫶 Learn more about Bao Li and how you can join our conservation community at https://nationalzoo.si.edu/dcpandas.
. . . 
#DCPandas"
images/nzp_youtube_het5xKyqe9Y.jpg,Giant Panda FAQ,title,nzp_youtube,"Jun 5, 2024",False,0.0179,https://www.youtube.com/watch?v=het5xKyqe9Y,het5xKyqe9Y,137,,"It's official: the pandas are coming back to D.C.! While we wait, here are some answers to frequently asked questions about the new giant pandas. Have more questions? Visit https://nationalzoo.si.edu/dcpandas for more information!"
images/nzp_youtube_bjNN_tnqXpQ.jpg,B-roll: Two New Giant Pandas Coming to Smithsonian’s National Zoo and Conservation Biology Institute,title,nzp_youtube,"May 29, 2024",False,-0.0332,https://www.youtube.com/watch?v=bjNN_tnqXpQ,bjNN_tnqXpQ,157,,"The Smithsonian’s National Zoo and Conservation Biology Institute will welcome a new pair of giant pandas, Bao Li [BOW-lee] and Qing Bao [ching-BOW], to the Zoo by the end of 2024. Giant pandas are icons in Washington, D.C., and beloved around the nation and the world. For more than five decades, the Smithsonian has created and maintained one of the world’s foremost giant panda conservation programs, helping move the panda from “endangered” to “vulnerable” on the global list of species at risk of extinction. LEARN MORE: https://nationalzoo.si.edu/news/two-n.... 
. . . 
CREDIT: Media (news) outlets may use giant panda photos/videos for news purposes only with credit to Roshan Patel/Smithsonian’s National Zoo. Approved purposes include: print/online articles, broadcast reports and social media feeds."
images/nzp_youtube_nEaB3CtnIJE.jpg,The Pandas Are Coming!,title,nzp_youtube,"May 29, 2024",False,0.0191,https://www.youtube.com/watch?v=nEaB3CtnIJE,nEaB3CtnIJE,104,,"The Smithsonian’s National Zoo and Conservation Biology Institute will welcome a new pair of giant pandas, Bao Li [BOW-lee] and Qing Bao [ching-BOW], to the Zoo by the end of 2024. Giant pandas are icons in Washington, D.C., and beloved around the nation and the world. For more than five decades, the Smithsonian has created and maintained one of the world’s foremost giant panda conservation programs, helping move the panda from “endangered” to “vulnerable” on the global list of species at risk of extinction.
. . .
LEARN MORE: http://nationalzoo.si.edu/dcpandas"
images/nzp_youtube_IsNCh4_k1ds.jpg,Keeper Connections: Mei Xiang,title,nzp_youtube,"Nov 16, 2023",False,-0.0167,https://www.youtube.com/watch?v=IsNCh4_k1ds,IsNCh4_k1ds,112,,
images/nzp_youtube_TO51nRmsX7Y.jpg,Keeper Connections: Tian Tian,title,nzp_youtube,"Nov 16, 2023",False,-0.0287,https://www.youtube.com/watch?v=TO51nRmsX7Y,TO51nRmsX7Y,139,,
images/nzp_youtube_D35yzImyg3Y.jpg,Keeper Connections: Xiao Qi Ji,title,nzp_youtube,"Nov 16, 2023",False,-0.0347,https://www.youtube.com/watch?v=D35yzImyg3Y,D35yzImyg3Y,131,,
images/nzp_youtube_fXcBKzElfhs.jpg,B-roll for Media: Interview with Zoo Director Brandie Smith on the Giant Panda Program,title,nzp_youtube,"Nov 16, 2023",False,-0.0435,https://www.youtube.com/watch?v=fXcBKzElfhs,fXcBKzElfhs,288,,"Nov. 8, 2023 | https://nationalzoo.si.edu/news/giant.... 

NZCBI entered into its Giant Panda Cooperative Research and Breeding Agreement with the China Wildlife Conservation Association in December 2000 when Mei Xiang and Tian Tian arrived at the Zoo. While their departure Nov. 8, 2023, is a historic moment in NZCBI’s animal care and conservation success, NZCBI remains committed to continuing its efforts to secure and safeguard a healthy future for giant pandas and their habitat.

For more than 51 years, NZCBI has led one of the world’s foremost panda conservation programs. In collaboration with Chinese colleagues, the Smithsonian team has made significant contributions to the global knowledge of giant panda biology, behavior, reproduction, health and habitat. Joint programs to train the next generation of skilled research and animal care professionals ensure that giant pandas continue to thrive in human care and in the wild for generations to come. The unified effort to create and sh"
images/nzp_youtube_pAdT_Ol8zjM.jpg,"Nov. 9, 2023: Giant Pandas Disembark the FedEx Panda Express in Chengdu, China",title,nzp_youtube,"Nov 9, 2023",False,-0.0242,https://www.youtube.com/watch?v=pAdT_Ol8zjM,pAdT_Ol8zjM,43,,"Giant pandas Mei Xiang, Tian Tian and Xiao Qi Ji were safely unloaded in their specialized travel crates from the FedEx Panda Express after landing in Chengdu. Thanks to our vet who got this special look. Read the full update here: https://nationalzoo.si.edu/animals/ne.... 
. . . 
The FedEx Panda Express flight originating at Washington Dulles International Airport touched down at Chengdu Shuangliu International Airport at 11:23 p.m. China Standard Time and arrived at the gate at 11:30 p.m. 
. . . 
#PandaStory"
images/nzp_youtube_SCaKteh1ESo.jpg,"A Giant Farewell to Giant Pandas Tian Tian, Mei Xiang and Xiao Qi Ji",title,nzp_youtube,"Nov 8, 2023",False,-0.0241,https://www.youtube.com/watch?v=SCaKteh1ESo,SCaKteh1ESo,158,,"Giant pandas Tian Tian, Mei Xiang and Xiao Qi Ji began their journey to China this morning, Nov. 8, 2023. They departed the Smithsonian’s National Zoo and Conservation Biology Institute at 9:31 a.m. EST for Dulles International Airport in northern Virginia where they will board a dedicated and custom-decaled FedEx Panda Express Boeing 777F aircraft. The approximately 19-hour, trans-Pacific flight from Washington, D.C., to Chengdu, China, will include a brief refueling stop in Anchorage, Alaska.
. . .
First thing this morning, the panda team finalized preparations for the pandas’ departure. After receiving their breakfast, each panda entered their individual, custom travel crate, which they have been acclimating to over the past several weeks. One by one, Mei Xiang, Tian Tian and Xiao Qi Ji’s crates were moved onto a forklift that traveled carefully out of the David M. Rubenstein Family Giant Panda Habitat. They were then loaded onto FedEx trucks before departing the Zoo.
. . .
Brandie "
images/nzp_youtube_9D3O_qzWPuI.jpg,"Farewell, Xiao Qi Ji",title,nzp_youtube,"Nov 8, 2023",False,-0.0192,https://www.youtube.com/watch?v=9D3O_qzWPuI,9D3O_qzWPuI,60,,"Pure panda joy from our “little miracle,” Xiao Qi Ji. From the moment his hearty squeal heralded his arrival, giant panda cub Xiao Qi Ji became one of the most beloved bears on the planet. With each snuggle, sassy vocalization and sampling of new snacks, Giant Panda Cam viewers delighted in the pure joy of this “little miracle” born under extraordinary circumstances. He and his parents, Tian Tian and Mei Xiang, leave behind a tremendous legacy in Washington, D.C. As Xiao Qi Ji prepares to join the breeding program in China, we want to thank the millions of panda fans around the world who have followed these pandas, shared in our joys and rooted for our success.
. . . 
#pandastory 
. . . 
https://nationalzoo.si.edu/news/giant..."
images/nzp_youtube_Vs2Ev3edsqQ.jpg,"Farewell, Mei Xiang",title,nzp_youtube,"Nov 8, 2023",False,0.0175,https://www.youtube.com/watch?v=Vs2Ev3edsqQ,Vs2Ev3edsqQ,60,,"Whether she is shaking snacks out of a puzzle feeder or sliding down a snow-covered hill, giant panda Mei Xiang has given us countless reasons to smile. And, as a phenomenal mother to four cubs, she has not only contributed to her species’ survival, but also to conservationists’ collective knowledge about panda biology, breeding and so much more. Thanks for the memories, Mei Xiang. #PandaStory 
. . . 
https://nationalzoo.si.edu/news/giant..."
images/nzp_youtube_Up4XwxhTrmg.jpg,"Farewell, Tian Tian",title,nzp_youtube,"Nov 8, 2023",False,0.0014,https://www.youtube.com/watch?v=Up4XwxhTrmg,Up4XwxhTrmg,58,,"Whether he was somersaulting down a snow-covered hill, splashing in a tub filled with suds or snacking on bamboo shoots, giant panda Tian Tian captured the hearts of millions with his relaxed, chill and goofy personality. We wish him safe travels on his journey to China. 
. . . 
News Release: https://nationalzoo.si.edu/news/giant...."
images/nzp_youtube_fE_knZ16LDo.jpg,Media B-Roll: Panda Palooza at Smithsonian's National Zoo and Conservation Biology Institute,title,nzp_youtube,"Sep 27, 2023",False,-0.0258,https://www.youtube.com/watch?v=fE_knZ16LDo,fE_knZ16LDo,148,,"Sept. 23, 2023 | This morning, Asia Trail keepers at the Smithsonian's National Zoo and Conservation Biology Institute (NZCBI) in Washington, D.C., celebrated the kick-off of Panda Palooza at the David M. Rubenstein Family Giant Panda Habitat. At 9 a.m., animal care staff presented all three giant pandas with a special panda-friendly fruitsicle cake made by the Zoo’s Department of Nutrition Science. Commissary keepers crafted the multi-tiered cakes using frozen diluted apple and pineapple juices. The treat was “frosted” with a mixture of mashed sweet potatoes, mashed carrots and honey. Keepers decorated the tiers with apples, pears, bananas, sweet potatoes, carrots and bamboo sprigs. Virtual visitors tuned in to NZCBI’s Giant Panda Cam to watch the bears enjoy their frozen treats. 

 Panda Palooza is a 9-day celebration of the giant pandas in honor of their upcoming departure. Tian Tian, Mei Xiang and Xiao Qi Ji will fly to China as part of the conservation research agreement between N"
images/nzp_youtube_T0_1eiQfmc8.jpg,Giant Panda Tian Tian's 26th Birthday: Rad Dad,title,nzp_youtube,"Aug 27, 2023",False,-0.0076,https://www.youtube.com/watch?v=T0_1eiQfmc8,T0_1eiQfmc8,46,,"🐼 Miss our 90s-themed panda birthday? Asia Trail keepers threw Tian Tian a 26th birthday party that was off the hook! 🥳🎂 Our rad giant panda dad ate a way-cool fruitsicle cake made by our Department of Nutrition Sciences. The tubular treat was crafted out of frozen diluted apple and pineapple juices and “frosted” with a mixture of mashed sweet potatoes, mashed carrots and honey. Commissary keepers blinged out the tiers with apples, pears, bananas, sweet potatoes, carrots and bamboo sprigs. Party on, Tian Tian! 🤙✌️"
images/nzp_youtube_tlvcuViElno.jpg,"Happy Third Birthday, Xiao Qi Ji!",title,nzp_youtube,"Aug 21, 2023",False,0.0153,https://www.youtube.com/watch?v=tlvcuViElno,tlvcuViElno,60,,"🐼🎉 Happy birthday, Xiao Qi Ji! This morning, Asia Trail keepers threw a ""Young, Wild and Three""-themed party for our youngest giant panda, complete with decorated enrichment and a fantastic fruitsicle cake! 
. . .
🎂 The Zoo’s Department of Nutrition Science keepers crafted the multi-tiered cake and “3” topper using frozen diluted apple and pineapple juices. The treat was “frosted” with a mixture of mashed sweet potatoes, mashed carrots and honey. Keepers decorated the tiers with apples, sweet potatoes, carrots and bamboo sprigs. 
. . .
❤️🥳 Join us in wishing our ""Little Miracle"" a very happy birthday! #PandaStory"
images/nzp_youtube_mzSiUuAFS0Q.jpg,B-Roll: Giant Panda Xiao Qi Ji's Third Birthday,title,nzp_youtube,"Aug 21, 2023",False,0.0061,https://www.youtube.com/watch?v=mzSiUuAFS0Q,mzSiUuAFS0Q,130,,"Aug. 21, 2023. This morning, Asia Trail keepers at the Smithsonian's National Zoo and Conservation Biology Institute (NZCBI) in Washington, D.C., celebrated giant panda Xiao Qi Ji’s [SHIAU-chi-ji] third birthday at the David M. Rubenstein Family Giant Panda Habitat. At 9 a.m., animal care staff presented him with a special panda-friendly fruitsicle cake made by the Zoo’s Department of Nutrition Science. Commissary keepers crafted the multi-tiered cake and “3” topper using frozen diluted apple and pineapple juices. The treat was “frosted” with a mixture of mashed sweet potatoes, mashed carrots and honey. Keepers decorated the tiers with apples, sweet potatoes, carrots and bamboo sprigs. Virtual visitors tuned in to NZCBI’s Giant Panda Cam to watch Xiao Qi Ji enjoy his birthday festivities. 

NEWS RELEASE: https://nationalzoo.si.edu/news/giant...."
images/nzp_youtube_QRlqBNebPRs.jpg,"Happy 25th Birthday, Mei Xiang!",title,nzp_youtube,"Jul 22, 2023",False,0.0075,https://www.youtube.com/watch?v=QRlqBNebPRs,QRlqBNebPRs,37,,"🥳🐼 Happy 25th bearthday, Mei Xiang! 🎶 This morning, our giant panda celebrated her birthday in style with a beautiful fruitsicle cake, crafted by Department of Nutrition Sciences keepers. The tasty treat is made of frozen-diluted apple juice, bamboo, apple slices, and mashed sweet potatoes and carrots. Join us in wishing our beloved panda mom a happy birthday (and many more)! 🎂 
. . . 
#PandaStory"
images/nzp_youtube_bO8g9aJrJdg.jpg,B-roll: Giant Panda Mei Xiang's 25th Birthday at Smithsonian's National Zoo,title,nzp_youtube,"Jul 22, 2023",False,0.0123,https://www.youtube.com/watch?v=bO8g9aJrJdg,bO8g9aJrJdg,171,,"This morning, Asia Trail keepers at the Smithsonian's National Zoo and Conservation Biology Institute (NZCBI) in Washington, D.C., celebrated giant panda Mei Xiang’s (may-SHONG) 25th birthday at the David M. Rubenstein Family Giant Panda Habitat. At 9 a.m., animal care staff presented her with a special panda-friendly fruitsicle cake made by the Zoo’s Department of Nutrition Science. Commissary keepers crafted the multi-tiered cake and “25” topper using frozen diluted apple juice. Mashed sweet potatoes, mashed carrots, apple slices and bamboo added a decorative flair to the festive treat. Virtual visitors tuned in to NZCBI’s Giant Panda Cam, sponsored by Boeing, to watch Mei Xiang enjoy her birthday festivities."
images/nzp_youtube_KTK80k7dIfM.jpg,#PandaStory: Xiao Qi Ji Is On a Roll,title,nzp_youtube,"Feb 2, 2023",True,0.0549,https://www.youtube.com/watch?v=KTK80k7dIfM,KTK80k7dIfM,56,,"Xiao Qi Ji is on a roll! The winter winds may blow chilly and cold, but they also bring out the sillies in our giant panda cub. On Jan. 19, the frisky 2.5-year-old tumbled around his outdoor habitat and showed off his unique somersault style.  
. . . 
Solo play sessions such as this help our giant panda team evaluate how Xiao Qi Ji is adjusting to spending time apart from his mother, Mei Xiang. Keepers give them access to different habitats in the morning, then reunite them in the afternoon and evening. They have noticed that Mei Xiang appears to have less patience with Xiao Qi Ji’s rambunctious antics and will vocalize or chase him when she is not in the mood to play. As we have shared in previous #PandaStory updates, his growing confidence and comfortability with spending time alone are encouraging signs that he’s growing up and getting ready to be on his own. 
. . . 
This Giant Panda Cam is sponsored by Boeing."
images/nzp_youtube_5EXektv3Bx8.jpg,#PandaStory: Pool Party with Xiao Qi Ji,title,nzp_youtube,"Nov 25, 2022",True,0.0952,https://www.youtube.com/watch?v=5EXektv3Bx8,5EXektv3Bx8,53,,"Read the latest #PandaStory update here: https://nationalzoo.si.edu/animals/ne.... 

We can’t stop (won’t stop) gushing over this guy! Our giant panda cub, Xiao Qi Ji, takes any opportunity he gets to play in water. He made quite a splash Aug. 28, 2022, as he played with a couple stalks of bamboo."
images/nzp_youtube_i1hwJY_ypeU.jpg,Giant Pandas Mei Xiang and Xiao Qi Ji Enjoy Sugar Cane,title,nzp_youtube,"Nov 25, 2022",False,0.0222,https://www.youtube.com/watch?v=i1hwJY_ypeU,i1hwJY_ypeU,50,,"Read the latest #PandaStory update: https://nationalzoo.si.edu/animals/ne.... 

In this video: Giant pandas Mei Xiang and her son, Xiao Qi Ji, snack on sugar cane at the David M. Rubenstein Family Giant Panda Habitat on July 20, 2022. After finishing her portion, Mei Xiang approached Xiao Qi Ji for more, but he successfully finished the treat on his own."
images/nzp_youtube_3WCg-Pc55wA.jpg,Tian Tian's 25th Birthday Cake Breakfast,title,nzp_youtube,"Aug 27, 2022",False,0.0162,https://www.youtube.com/watch?v=3WCg-Pc55wA,3WCg-Pc55wA,60,,"Tian Tian turns 25 today and cele-bear-ated this morning with a birthday cake breakfast and a sweet serenade by adorning fans. 🎶 🎂 Keepers created themed silver enrichment in honor of this chill panda dad's special day. The tiered cake created by our Department of Nutrition Sciences team included apple juice, leaf eater biscuit “icing,” apples, bananas, pears, sugar cane and bamboo. Tian Tian is the father of four beloved giant pandas born at the Zoo — Tai Shan, Bao Bao, Bei Bei and Xiao Qi Ji. 🐼 😍 #GP50 is sponsored by The Boeing Company #Pandaversary #PandaStory"
images/nzp_youtube_Ppi7OCOjon4.jpg,Xiao Qi Ji's 2nd Birthday Celebration,title,nzp_youtube,"Aug 21, 2022",False,0.0086,https://www.youtube.com/watch?v=Ppi7OCOjon4,Ppi7OCOjon4,60,,"🥳🐼 Happy bearthday to you, Xiao Qi Ji! 🎶 This morning, our sweet “little miracle” turned 2 years old. He celebrated the special occasion with a festive fruitsicle cake, lovingly created by our Department of Nutrition Sciences team. They adorned the three-tiered treat with a giant “2"" and some of Xiao Qi Ji’s favorite foods, including apples, pears, bananas, sugar cane, sweet potato and bamboo. Conservation at its cutest!  
. . . 
#GP50 is sponsored by @Boeing.
. . . 
#Pandaversary #PandaStory"
images/nzp_youtube_QF2ZDQPXX8k.jpg,Giant Panda Mei Xiang's 24th Birthday,title,nzp_youtube,"Jul 22, 2022",True,0.0411,https://www.youtube.com/watch?v=QF2ZDQPXX8k,QF2ZDQPXX8k,49,,"🥳🐼🎂 Happy 24th birthday, Mei Xiang! Our female giant panda cele-bear-ated this morning with a magnificent fruitsicle cake, made by the Zoo's talented Department of Nutrition Science team. 🍰 The tiers are made of diluted apple juice and leaf eater biscuits, and garnished with bananas, apples and pears. 

This ""a-Mei-zing"" birthday clip is brought to you by the Giant Panda Cam, sponsored by The Boeing Company. 

#GP50 #Pandaversary #PandaStory"
images/nzp_youtube_I_9DAuSASVI.jpg,"#PandaStory: Cub In A Tub (May 30, 2022)",title,nzp_youtube,"Jun 10, 2022",True,0.0611,https://www.youtube.com/watch?v=I_9DAuSASVI,I_9DAuSASVI,45,,"Dear Xiao Qi Ji, you’re the one
You make play time lots of fun!
Dear Xiao Qi Ji we’re pawfully fond of you! 
. . . 
We can’t stop (won’t stop) gushing over this guy! Giant panda Xiao Qi Ji made quite a splash May 30 as he bobbed for toys in his rubber tub. 
. . .
This “cub in a tub” is brought to you by the Giant Panda Cam, sponsored by Boeing. TUNE IN: https://s.si.edu/2xiVLKp. 
. . .
#GP50 #Pandaversary #PandaStory"
images/nzp_youtube_BL3i7VSjqXA.jpg,#PandaStory: Panda Pool Party,title,nzp_youtube,"Apr 24, 2022",True,0.0916,https://www.youtube.com/watch?v=BL3i7VSjqXA,BL3i7VSjqXA,39,,"☀️🐼💦 There's nothing like a panda pool party on a sunny spring day!
. . . 
🌊Catch the 50th #Pandaversary wave and check out the Giant Panda Cam, sponsored by @Chase. TUNE IN: https://s.si.edu/2xiVLKp. 
. . . 
#GP50 #PandaStory"
images/nzp_youtube_WH-IKuMTlrY.jpg,Giant Panda 50th Pandaversary Celebration  at the Smithsonian's National Zoo,title,nzp_youtube,"Apr 21, 2022",False,0.0146,https://www.youtube.com/watch?v=WH-IKuMTlrY,WH-IKuMTlrY,63,,"🐼🎉 Today marks the 50th anniversary of our giant panda program! Our panda family—Tian Tian, Mei Xiang and their cub Xiao Qi Ji—celebrated in the most delicious way possible. With fruitsicle cakes, of course! 
. . . 
🐼🎂 At 8 a.m., our Department of Nutrition Science team presented Mei Xiang and Xiao Qi Ji’s panda-friendly fruitsicle cake to an eager crowd of visitors. Zoo Director Brandie Smith and Ambassador Qin Gang of the People’s Republic of China added the finishing touches to the frozen treat. 
. . . 
🐼🍎🍍 Mei Xiang and Xiao Qi Ji entered their habitat around 8:10 a.m. and approached the cake with deliberate speed! The base of the cake was made of frozen diluted apple juice and pineapple juice. It was decorated with a red “50” as well as sweet potato, apple, carrot, pear, sugar cane, banana and yellow groove bamboo. Tian Tian received an ornate cake that was similarly adorned around 1 p.m.
. . . 
The Giant Panda 50th Anniversary celebration is made possible with the support of The "
images/nzp_youtube_LreRuZN53SE.jpg,Giant Panda 50th Celebration B-Roll,title,nzp_youtube,"Apr 16, 2022",False,0.0012,https://www.youtube.com/watch?v=LreRuZN53SE,LreRuZN53SE,64,,"This morning, the Smithsonian’s National Zoo and Conservation Biology Institute celebrated 50 years of unprecedented achievement in the care, conservation, breeding and study of giant pandas. To commemorate this momentous occasion, the Zoo’s in-residence giant panda family—24-year-old male Tian Tian (tee-YEN tee-YEN), 23-year-old female Mei Xiang (may-SHONG) and their 19-month-old male cub Xiao Qi Ji (SHIAU-chi-ji) received specially tailored fruitsicle cakes in honor of the “pandaversary.”

At 8 a.m., Zoo staff presented Mei Xiang and Xiao Qi Ji’s panda-friendly fruitsicle cake to an eager crowd of visitors. Brandie Smith, John and Adrienne Mars Director of the Smithsonian’s National Zoo and Conservation Biology Institute, and Ambassador Qin Gang of the People’s Republic of China added the finishing touches to the frozen treat. Keepers gave Mei Xiang and Xiao Qi Ji access to their habitat around 8:10 a.m., and the bears approached the cake with deliberate speed. The base of the cake w"
images/nzp_youtube_5Ip4cGXbbP4.jpg,Bei Bei's Famous Falls,title,nzp_youtube,"Apr 13, 2022",True,0.0588,https://www.youtube.com/watch?v=5Ip4cGXbbP4,5Ip4cGXbbP4,47,,"Once a giant panda cub has mastered walking, they start practicing their climbing skills. As they explore their surroundings and reach new heights, panda cubs may take a tumble. Luckily, they are physically robust and have thick, dense fur to cushion the landing. As Bei Bei grew, we watched him tumble out of many trees, only to get right back up and try again."
images/nzp_youtube_aEJhnBepV84.jpg,Top 10 Panda Cam Outtakes At Smithsonian's National Zoo 🐼,title,nzp_youtube,"Mar 16, 2022",True,0.0461,https://www.youtube.com/watch?v=aEJhnBepV84,aEJhnBepV84,701,,"🐼📽️ Celebrate #NationalPandaDay with a look back at snuggles, tumbles and other adorable giant panda antics that left us in awe and “aww.” Get your daily panda fix and keep up with Tian Tian, Mei Xiang and Xiao Qi Ji on the Giant Panda Cam, sponsored by Chase. 
. . . 
‪@SmithsonianChannel‬ 
‪@chase‬ 
. . . 
#GP50 #Pandaversary"
images/nzp_youtube_fI1ytZCH_6k.jpg,Celebrating 50 Years of Giant Panda Conservation at Smithsonian's National Zoo,title,nzp_youtube,"Mar 16, 2022",False,-0.0003,https://www.youtube.com/watch?v=fI1ytZCH_6k,fI1ytZCH_6k,205,,"On April 16, 2022, the Smithsonian’s National Zoo and Conservation Biology Institute will celebrate 50 years of unprecedented achievement in the care, conservation, breeding and study of giant pandas. Over the past five decades, the Zoo’s beloved cele-bear-ities have brought American and Chinese scientists and animal care experts together to collaborate on a common goal: saving the species from extinction. Today, #NationalPandaDay, marks the start of our six-month-long #Pandaversary party! The Giant Panda 50th Anniversary celebration is made possible with the support of Boeing. #GP50
. . .
LEARN MORE: https://nationalzoo.si.edu/animals/ce...."
images/nzp_youtube_0pHJ8dhE54g.jpg,#PandaStory: Tickles and Treasure Hunting With Xiao Qi Ji (Part 1),title,nzp_youtube,"Feb 25, 2022",True,0.0373,https://www.youtube.com/watch?v=0pHJ8dhE54g,0pHJ8dhE54g,48,,"🐼 🐾 👀 Earlier this week, giant panda cub Xiao Qi Ji went treasure hunting in a tree for some fun puzzle feeder enrichment! Get the latest #PandaStory update from assistant curator Laurie Thompson. ✏️STORY: https://s.si.edu/3Ij1vTP.  
. . . 
This #PandaStory moment is brought to you by Chase, proud sponsor of the Giant Panda Cam."
images/nzp_youtube_vnKcrW3CyOM.jpg,#PandaStory: Tickles and Treasure Hunting With Xiao Qi Ji (Part 2),title,nzp_youtube,"Feb 25, 2022",True,0.0538,https://www.youtube.com/watch?v=vnKcrW3CyOM,vnKcrW3CyOM,52,,"🐼 🐾 👀 Earlier this week, giant panda cub Xiao Qi Ji went treasure hunting in a tree for some fun puzzle feeder enrichment! Get the latest #PandaStory update from assistant curator Laurie Thompson. ✏️STORY: https://s.si.edu/3Ij1vTP.  
. . . 
This #PandaStory moment is brought to you by Chase, proud sponsor of the Giant Panda Cam."
images/nzp_youtube_6pI_QP0P4s0.jpg,"Snow Day for Giant Panda Cub Xiao Qi Ji: Jan. 3, 2022",title,nzp_youtube,"Jan 3, 2022",True,0.0331,https://www.youtube.com/watch?v=6pI_QP0P4s0,6pI_QP0P4s0,60,,"❄️🐼 New year, new Xiao Qi Ji! In January 2021, our giant panda cub was a little wary during his first encounter with snow. This morning, the 16-month-old plowed face-first into the fresh powder, rolled around and relished the year's first #SnowDay. His belly-sliding skills are 10/10! 🐾
. . . 
#PandaStory #DC #Snow"
images/nzp_youtube_OLtzj6RZLF4.jpg,#PandaStory: Pool Playtime For Xiao Qi Ji,title,nzp_youtube,"Dec 21, 2021",True,0.0446,https://www.youtube.com/watch?v=OLtzj6RZLF4,OLtzj6RZLF4,112,,"🐼💧 On Dec. 17, Xiao Qi Ji took his first “panda paddle” in the pool! Get the latest #PandaStory update from assistant curator Laurie Thompson. ✏️STORY: https://nationalzoo.si.edu/animals/ne.... 
. . ."
images/nzp_youtube_29BH8MBKLw4.jpg,Giant Panda Cub Xiao Qi Ji Takes Mother Mei Xiang's Food,title,nzp_youtube,"Nov 29, 2021",True,0.0858,https://www.youtube.com/watch?v=29BH8MBKLw4,29BH8MBKLw4,49,,"From #PandaStory: Winter Comes Early For Xiao Qi Ji."" 
. . . 
Read the full update: https://nationalzoo.si.edu/animals/ne... 
. . . 
As keeper Mariel Lally mentioned in her last update, Xiao Qi Ji takes mealtime very seriously. Although he receives his own diet every day, we still see him sneak some food that was meant for his mother, Mei Xiang, from time to time. He is quite a clever boy and will steal her apple or carrot, then run to the top of the rockwork or into the den to eat it!"
images/nzp_youtube_ZrFm-Vxrj3o.jpg,Giant Panda Cub Xiao Qi Ji Plays With Bubble Bath,title,nzp_youtube,"Nov 29, 2021",True,0.0459,https://www.youtube.com/watch?v=ZrFm-Vxrj3o,ZrFm-Vxrj3o,50,,"From #PandaStory: Winter Comes Early For Xiao Qi Ji."" 
. . . 
Read the full update: https://nationalzoo.si.edu/animals/ne... 
. . . 
Thanks to his healthy appetite, Xiao Qi Ji has been growing steadily. Recently, he weighed-in at 82.5 pounds—10.5 pounds more than last month. We help him keep physically active by offering him a variety of enrichment to investigate—like a tub filled with toys and non-toxic bubble bath."
images/nzp_youtube_KI0dsp1rGbc.jpg,Giant Panda Xiao Qi Ji Plays In Ice at Smithsonian's National Zoo,title,nzp_youtube,"Nov 29, 2021",True,0.0362,https://www.youtube.com/watch?v=KI0dsp1rGbc,KI0dsp1rGbc,51,,"From #PandaStory: Winter Comes Early For Xiao Qi Ji."" 
. . . 
Read the full update: https://nationalzoo.si.edu/animals/ne... 
. . ."
images/nzp_youtube_pkE5BNb5q8Y.jpg,#PandaStory: Xiao Qi Ji and Mei Xiang Enjoy Bamboo,title,nzp_youtube,"Oct 29, 2021",True,0.0333,https://www.youtube.com/watch?v=pkE5BNb5q8Y,pkE5BNb5q8Y,55,,"Although we still see Xiao Qi Ji nurse for comfort from time to time, the majority of his diet is made up of bamboo, fruit and high fiber biscuits. He receives his own diet twice a day; we feed him separately from Mei Xiang to ensure she does not eat his portions. Lately, he has become much more efficient at eating—not to mention protective of his treats. If Mei Xiang dares to come near “his” food, he can be seen and heard giving her a piece of his mind! When Xiao Qi Ji chooses to follow Mei Xiang around, he usually tries to sneak a bite of whatever she’s eating. He is growing nicely. At his last weigh-in, he tipped the scales at 72 pounds. This time last year—when he was just 9 weeks old—he weighed 7.5 pounds!"
images/nzp_youtube_gM7aCkDGx1o.jpg,#PandaStory: A Bubble Bath Wrestling Match,title,nzp_youtube,"Oct 29, 2021",True,0.0343,https://www.youtube.com/watch?v=gM7aCkDGx1o,gM7aCkDGx1o,93,,"It seems that giant panda cub Xiao Qi Ji inherited his mother Mei Xiang’s fondness for the scent of bubble bath. On an autumn day, keepers presented the pair with some suds to play in, and they went wild! Get the latest #PandaStory update from keeper Mariel Lally. STORY: https://s.si.edu/3nD8X3f."
images/nzp_youtube_o776l8tXCxs.jpg,#PandaStory: A Splashing Good Time,title,nzp_youtube,"Sep 24, 2021",True,0.05,https://www.youtube.com/watch?v=o776l8tXCxs,o776l8tXCxs,61,,"Giant panda cub Xiao Qi Ji may have found a new favorite pastime. While keepers were cleaning the outdoor patio Sept. 16, our curious cub jumped in the hose spray and had a splashing good time! Get the latest #PandaStory update from keeper Marty Dearie. STORY: https://s.si.edu/2ZdP0Hy. 
. . . 
Get pandas in your inbox! Sign up for the Giant Panda Bulletin: https://nationalzoo.si.edu/email."
images/nzp_youtube_1GkwbkQrkNs.jpg,#PandaStory: Xiao Qi Ji Plays With His New Toys,title,nzp_youtube,"Aug 27, 2021",True,0.0309,https://www.youtube.com/watch?v=1GkwbkQrkNs,1GkwbkQrkNs,50,,"Giant panda cub Xiao Qi Ji is having a ball! During his week-long birthday celebration, keepers presented him with a new enrichment item each day. He seemed to enjoy them all, but took a special liking to a blue rocker. He climbed inside, rolled around and even slid down the hill a time or two! Get the #PandaStory scoop from assistant curator of giant pandas Laurie Thompson. STORY: https://s.si.edu/38jthPH."
images/nzp_youtube_xDIbeZDfZgA.jpg,#PandaStory: Giant Panda Xiao Qi Ji Celebrates His First Birthday at Smithsonian's National Zoo,title,nzp_youtube,"Aug 21, 2021",True,0.0376,https://www.youtube.com/watch?v=xDIbeZDfZgA,xDIbeZDfZgA,60,,"Hip hip hooray, it's Xiao Qi Ji's birthday! Our giant panda cub and his mother, Mei Xiang, received two panda-friendly fruitsicle cakes made with frozen-diluted grape and apple juice, sweet potato, apple, pear, carrot, sugar cane, bamboo and lots of love. #PandaStory
. . . 
On Aug. 21, 2021, the Smithsonian’s National Zoo and Conservation Biology Institute celebrated giant panda cub Xiao Qi Ji’s (SHIAU-chi-ji) first birthday with a specially tailored fruitsicle cake. Mother Mei Xiang (may-SHONG) and father Tian Tian (tYEN-tYEN) also enjoyed fruitsicle cakes in honor of their son’s birthday. The public watched the pandas enjoy their cakes live on the Zoo’s Giant Panda Cam.

When Mei Xiang and Xiao Qi Ji entered their outdoor habitat at 7:30 a.m., they approached Mei Xiang’s cake first. The base of the cake and heart topper were made of frozen diluted apple juice. It was decorated with sweet potato, apple, carrot, pear, sugar cane, banana and bamboo. Around 8:15 a.m., they walked over to"
images/nzp_youtube_nocEeYxa5Pw.jpg,Birthday Wishes for Panda Xiao Qi Ji from China’s Ambassador to the United States Qin Gang,title,nzp_youtube,"Aug 21, 2021",True,0.0324,https://www.youtube.com/watch?v=nocEeYxa5Pw,nocEeYxa5Pw,109,,"The Smithsonian’s National Zoo’s giant pandas are beloved both for their adorable antics and for their ability to bring colleagues from the United States and China together to collaborate for a common goal: saving the species. 
. . . 
For nearly 50 years, we have worked together and contributed four cubs to the giant panda population, including Xiao Qi Ji—whose birth we celebrate today! China’s new Ambassador to the United States, Qin Gang, reflects on our precious panda’s special day and our shared goal to conserve the species.
. . . 
#PandaStory"
images/nzp_youtube_YfRkF1VzfQ0.jpg,"#PandaStory: Happy First Birthday, Xiao Qi Ji!",title,nzp_youtube,"Aug 20, 2021",False,0.0256,https://www.youtube.com/watch?v=YfRkF1VzfQ0,YfRkF1VzfQ0,60,,"How do you measure a year of giant panda cub squeals, snuggles, pounces and tumbles? On the eve of Xiao Qi Ji’s first birthday, celebrate with a look back at the moments that forever stole our hearts. #PandaStory

Tune in to the Giant Panda Cam tomorrow, Aug. 21, at 7:30 a.m. to see Mei Xiang and Xiao Qi Ji receive a panda-friendly fruitsicle cake! JOIN THE CELEBRATION: https://s.si.edu/3ss8ItE."
images/nzp_youtube_Ri_gSF-icI8.jpg,UnZOOsual Careers: Panda Edition,title,nzp_youtube,"Aug 20, 2021",False,0.0182,https://www.youtube.com/watch?v=Ri_gSF-icI8,Ri_gSF-icI8,3619,,"Ever wonder how many people it takes to welcome a baby panda? In this special edition of UnZOOsual Careers, we celebrate Xiao Qi Ji's first birthday by meeting some of the faces behind the successful birth and care of giant pandas at the Smithsonian's National Zoo and Conservation Biology Institute. 
Featured STEM careers in this webinar include endocrinology, animal care, veterinary science and conservation biology. After you watch the webinar, try matching the panda-related careers to their job duties in this wrap-up activity: https://nationalzoo.si.edu/sites/defa..."
images/nzp_youtube_8jEI1F-4Cno.jpg,#PandaStory: Panda Cub Preschool with Xiao Qi Ji,title,nzp_youtube,"Aug 19, 2021",False,0.0148,https://www.youtube.com/watch?v=8jEI1F-4Cno,8jEI1F-4Cno,113,,"When it comes to husbandry training, Xiao Qi Ji is a quick learner (and a very good boy)! Go behind the scenes with keeper Mariel Lally as she teaches the Smithsonian's National Zoo's giant panda cub to voluntarily participate in his own healthcare. 
. . . 
#PandaStory"
images/nzp_youtube_sxRKkOtXU80.jpg,#PandaStory: A Panda With Personality That Shines,title,nzp_youtube,"Jul 30, 2021",True,0.0299,https://www.youtube.com/watch?v=sxRKkOtXU80,sxRKkOtXU80,51,,"If there was a competition to see who could balance a ball on their paws in the most adorable manner, giant panda cub Xiao Qi Ji would receive a perfect score! Get the latest #PandaStory update from keeper Mariel Lally. STORY: https://s.si.edu/3j3wjg8."
images/nzp_youtube_uBZ05tDs42o.jpg,#PandaStory: Xiao Qi Ji Practices Pouncing,title,nzp_youtube,"Jul 16, 2021",True,0.0529,https://www.youtube.com/watch?v=uBZ05tDs42o,uBZ05tDs42o,60,,"❤️🐼🐾 Giant panda Xiao Qi Ji is practicing his pounces. On a scale of 1 to 10, we’d say this play session between our cub and mom Mei Xiang is off-the-charts adorable.
. . .
👀📽️ Watch the pair on the Giant Panda Cam: https://s.si.edu/2xiVLKp. 
. . . 
#PandaStory"
images/nzp_youtube_YSXhyMEmSsQ.jpg,#PandaStory: Giant Panda Xiao Qi Ji Eats a Fruitsicle,title,nzp_youtube,"Jun 25, 2021",False,0.0195,https://www.youtube.com/watch?v=YSXhyMEmSsQ,YSXhyMEmSsQ,58,,"June 21, 2021 | The Smithsonian's National Zoo and Conservation Biology Institute's giant panda cub, Xiao Qi Ji, eats a fruitsicle. The delicious treat is made of frozen apple juice and water. 

This story appears in the June 25 issue of the Giant Panda Bulletin: https://nationalzoo.si.edu/animals/ne.... 

Read previous cub updates here: https://nationalzoo.si.edu/animals/la.... 

Tune in to the Giant Panda Cam: https://nationalzoo.si.edu/webcams/pa...."
images/nzp_youtube_NVhunq6JpYw.jpg,#PandaStory: Giant Panda Xiao Qi Ji Devours Bamboo Shoots,title,nzp_youtube,"Jun 25, 2021",False,-0.0081,https://www.youtube.com/watch?v=NVhunq6JpYw,NVhunq6JpYw,41,,"May 18, 2021 | The Smithsonian's National Zoo and Conservation Biology Institute's giant panda cub, Xiao Qi Ji, devours some delicious bamboo shoots at the David M. Rubenstein Family Giant Panda Habitat. 

This story appears in the June 25 issue of the Giant Panda Bulletin: https://nationalzoo.si.edu/animals/ne.... 

Read previous cub updates here: https://nationalzoo.si.edu/animals/la.... 

Tune in to the Giant Panda Cam: https://nationalzoo.si.edu/webcams/pa...."
images/nzp_youtube_mcY0a8im_Zg.jpg,#PandaStory: Xiao Qi Ji Greets His Fans,title,nzp_youtube,"May 28, 2021",False,0.0167,https://www.youtube.com/watch?v=mcY0a8im_Zg,mcY0a8im_Zg,60,,"Giant panda cub Xiao Qi Ji greeted his fans . . . then promptly fell asleep in his favorite tree. Get the latest news in assistant curator Laurie Thompson’s #PandaStory update. ✏️STORY: https://s.si.edu/3hZ8TK2. 
. . . 
 Get pandas in your inbox! Sign up for the Giant Panda Bulletin: https://nationalzoo.si.edu/email."
images/nzp_youtube_nU7b_lE9tno.jpg,#PandaStory: Playtime for Pandas Xiao Qi Ji and Mei Xiang,title,nzp_youtube,"May 21, 2021",True,0.0298,https://www.youtube.com/watch?v=nU7b_lE9tno,nU7b_lE9tno,46,,"🐼🐾 Like a playful panda cub in a crate, we hope your weekend is pawsitively delightful! 
. . . 
Enrichment toys like this milk crate encourage giant panda Mei Xiang and her cub Xiao Qi Ji to keep physically active and mentally sharp through play and exploration. #PandaStory"
images/nzp_youtube_Crki94WkiWQ.jpg,#PandaStory: Tian Tian and Bamboo,title,nzp_youtube,"May 14, 2021",True,0.0462,https://www.youtube.com/watch?v=Crki94WkiWQ,Crki94WkiWQ,24,,"Giant panda Tian Tian is still in rut, but that will wind down over the next few weeks. Most of his attention these days is focused on bamboo shoots, which he has been enthusiastically eating! ✏️STORY: https://s.si.edu/3eMquTp. 
. . . 
📧 Get pandas in your inbox! Sign up for the Giant Panda Bulletin: https://nationalzoo.si.edu/email."
images/nzp_youtube_xnKj6AOS-Vo.jpg,#PandaStory: Xiao Qi Ji Branches Out,title,nzp_youtube,"May 14, 2021",True,0.0311,https://www.youtube.com/watch?v=xnKj6AOS-Vo,xnKj6AOS-Vo,60,,"❤️🐼 Giant panda cub Xiao Qi Ji is branching out into new places to play! Get the story behind this video in assistant curator Laurie Thompson’s latest #PandaStory update. ✏️STORY: https://s.si.edu/3eMquTp. 
. . . 
📧 Get pandas in your inbox! Sign up for the Giant Panda Bulletin: https://nationalzoo.si.edu/email."
images/nzp_youtube_OzTmE80ajdA.jpg,#PandaStory: Fruitsicles and Bamboo Shoots,title,nzp_youtube,"Apr 30, 2021",True,0.0317,https://www.youtube.com/watch?v=OzTmE80ajdA,OzTmE80ajdA,31,,"Giant panda cub Xiao Qi Ji is very engaged with his surroundings! While mother Mei Xiang enjoys a fruitsicle, he munches on bamboo shoots. See more videos in keeper Mariel Lally’s #PandaStory update. STORY: https://s.si.edu/331GJFc."
images/nzp_youtube_1ChVbPXLle0.jpg,#PandaStory: An Observant Cub,title,nzp_youtube,"Apr 30, 2021",True,0.0389,https://www.youtube.com/watch?v=1ChVbPXLle0,1ChVbPXLle0,60,,"Giant panda cub Xiao Qi Ji’s favorite playmate is his mother Mei Xiang. Given the choice between playing with her or his toys, he will pick mom every time.  See more videos in keeper Mariel Lally’s #PandaStory update: https://s.si.edu/331GJFc."
images/nzp_youtube_qaW19EF9hvY.jpg,"#PandaStory: An Adorable Moment of ""Paws"" With Xiao Qi Ji",title,nzp_youtube,"Apr 23, 2021",True,0.0546,https://www.youtube.com/watch?v=qaW19EF9hvY,qaW19EF9hvY,61,,"❤️🐼 As we head into the weekend, enjoy this adorable moment of paws with our playful giant panda cub, Xiao Qi Ji. 🐾
. . . 
#NatZooZen #PandaStory"
images/nzp_youtube_zP-ROoXxlFg.jpg,#PandaStory: Upside-Down Xiao Qi Ji,title,nzp_youtube,"Apr 16, 2021",True,0.0458,https://www.youtube.com/watch?v=zP-ROoXxlFg,zP-ROoXxlFg,40,,Giant panda cub Xiao Qi Ji practices handstands at Smithsonian's National Zoo and Conservation Biology Institute. STORY: https://s.si.edu/3tkZYoS.
images/nzp_youtube_MF2GkFX5pxU.jpg,#PandaStory: A Friendly Game of Tug-of-War,title,nzp_youtube,"Apr 16, 2021",True,0.0355,https://www.youtube.com/watch?v=MF2GkFX5pxU,MF2GkFX5pxU,61,,"In a playful battle over bamboo, Mei Xiang is always victorious. Get the latest news on our giant panda mother and her cub, Xiao Qi Ji, in keeper Nicole MacCorkle’s #PandaStory update. STORY: https://s.si.edu/3tkZYoS."
images/nzp_youtube_a58k0uRIfbU.jpg,#PandaStory: Cub in a Tub,title,nzp_youtube,"Apr 9, 2021",True,0.1181,https://www.youtube.com/watch?v=a58k0uRIfbU,a58k0uRIfbU,51,,"❤️🐼 Cub in a tub! Tune in to the Giant Panda Cam to watch Xiao Qi Ji explore his surroundings. 🎥: https://s.si.edu/2xiVLKp.
. . .
#PandaStory"
images/nzp_youtube_7syodg5x1Jc.jpg,#PandaStory: Watch Xiao Qi Ji Climb and Tumble,title,nzp_youtube,"Apr 2, 2021",False,0.0076,https://www.youtube.com/watch?v=7syodg5x1Jc,7syodg5x1Jc,75,,Giant panda cub Xiao Qi Ji put his climbing skills to the test these past two weeks. This once cautious cub has become much more confident in his abilities to maneuver around the outdoor habitat. Read the giant panda team's latest update: https://s.si.edu/3fBOFEI.
images/nzp_youtube__pW6MZgax4g.jpg,#PandaStory: Tub Time for Xiao Qi Ji,title,nzp_youtube,"Apr 2, 2021",True,0.0738,https://www.youtube.com/watch?v=_pW6MZgax4g,_pW6MZgax4g,58,,Giant panda cub Xiao Qi Ji plays with a rubber tub for enrichment at Smithsonian's National Zoo. Read the panda team's update here: https://s.si.edu/3fBOFEI.
images/nzp_youtube_ofOZjEw6blM.jpg,"#PandaStory: Like Mother, Like Son",title,nzp_youtube,"Apr 2, 2021",True,0.0665,https://www.youtube.com/watch?v=ofOZjEw6blM,ofOZjEw6blM,55,,"On Mar. 21, we were surprised when mother Mei Xiang channeled her inner cub and joined Xiao Qi Ji for a climb on his favorite play structure. He seemed excited to play with her and showed off some of the climbing, hanging and tumbling skills that he has worked to perfect over the past two months. They also went for a fun roll down the hill! Read the full update from the giant panda team: https://s.si.edu/3fBOFEI."
images/nzp_youtube_GJ6yezBx3z4.jpg,#PandaStory: Exploring New Sites,title,nzp_youtube,"Mar 19, 2021",False,0.0049,https://www.youtube.com/watch?v=GJ6yezBx3z4,GJ6yezBx3z4,87,,"Giant panda cub Xiao Qi Ji is exploring new sites and climbing to new heights! Get the scoop on his latest adventures in keeper Nicole MacCorkle’s #PandaStory update. STORY: https://s.si.edu/3s24cBj.
. . . 
Get pandas in your inbox! Sign up for the Giant Panda Bulletin: https://nationalzoo.si.edu/email."
images/nzp_youtube_ioEw3q1qqDk.jpg,#PandaStory: Xiao Qi Ji Wrestles With a Log,title,nzp_youtube,"Mar 5, 2021",True,0.0421,https://www.youtube.com/watch?v=ioEw3q1qqDk,ioEw3q1qqDk,60,,"Lucky Giant Panda Cam viewers got a glimpse of Xiao Qi Ji being a bit innovative this week—he found his own enrichment toy! After spotting a small log in the enclosure, he dragged it into the den. It was the perfect size for our panda cub. Xiao Qi Ji held it close as he rolled around with it in his arms. He had a great time playing! STORY: https://nationalzoo.si.edu/animals/ne...."
images/nzp_youtube_PQROSbDB4K0.jpg,#pandaStory: A Good Listener,title,nzp_youtube,"Mar 5, 2021",True,0.1023,https://www.youtube.com/watch?v=PQROSbDB4K0,PQROSbDB4K0,40,,"On Monday, March 1, 2021, Xiao Qi Ji’s mother, Mei Xiang, was ready to come inside, but he was all the way at the front of the yard. Assistant curator of giant pandas Laurie Thompson called his name, and a few moments later he trotted up to the keeper area and followed her inside. She was so surprised he listened when she called—it was a highlight of her week!"
images/nzp_youtube_btsx9CuinxQ.jpg,#PandaStory: Xiao Qi Ji's First Taste of Applesauce,title,nzp_youtube,"Feb 26, 2021",False,0.0059,https://www.youtube.com/watch?v=btsx9CuinxQ,btsx9CuinxQ,34,,"On Sunday, Feb. 21, 2021, giant panda cub Xiao Qi Ji turned 6 months old. To celebrate, our half-birthday boy tried yet another new food: homemade applesauce. We placed a big dollop on top of one of his enrichment toys. He sniffed the sweet purée and lapped it up quickly at first. A few bites in, though, he paused and took in the taste. Unlike cooked sweet potato (which he quickly gobbled up), his reaction to the applesauce was much more tepid. It seemed as if he wasn’t sure if he liked it. ✏️STORY: https://s.si.edu/2MrgVxF. 
. . . 
📧 Get pandas in your inbox! Sign up for the Giant Panda Bulletin: https://nationalzoo.si.edu/email.  
. . . 
#PandaStory #PandaCubdates"
images/nzp_youtube_nLoyN4gUkq4.jpg,#PandaStory: Adventure Awaits!,title,nzp_youtube,"Feb 26, 2021",False,0.0058,https://www.youtube.com/watch?v=nLoyN4gUkq4,nLoyN4gUkq4,96,,"❤️🐼 Giant panda cub Xiao Qi Ji turned 6 months old, tried a new homemade treat and found a new favorite hangout spot. Get the scoop on our little cub’s big week! ✏️STORY: https://s.si.edu/2MrgVxF. 
. . . 
📧 Get pandas in your inbox! Sign up for the Giant Panda Bulletin: https://nationalzoo.si.edu/email.  
. . . 
#PandaStory #PandaCubdates"
images/nzp_youtube_Xfy49W4jhVk.jpg,#PandaStory: Venturing Where the Sidewalk Ends,title,nzp_youtube,"Feb 19, 2021",True,0.0491,https://www.youtube.com/watch?v=Xfy49W4jhVk,Xfy49W4jhVk,60,,"🐼 🌎 Before #Perseverance was making tracks on Mars, giant panda cub Xiao Qi Ji was venturing somewhere he had never gone before: his outdoor habitat. Get the scoop on our little cub’s travels in the panda team’s latest update. ✏️STORY: https://s.si.edu/3biEaSX. 
. . . 
📧❤️ Get pandas in your inbox! Sign up for the Giant Panda Bulletin: https://nationalzoo.si.edu/email.  
. . . 
#PandaStory #PandaCubdates"
images/nzp_youtube_jr0HxQwCys8.jpg,#PandaStory: A Short and Sweet (Potato) Update,title,nzp_youtube,"Feb 12, 2021",False,-0.009,https://www.youtube.com/watch?v=jr0HxQwCys8,jr0HxQwCys8,60,,"🐼🔴🍠 Enrichment toy smeared with sweet potato just might be Xiao Qi Ji’s favorite treat. This week, keepers gave our giant panda cub a new food to nibble on: biscuits! ✏️KEEPER UPDATE: https://s.si.edu/3pjBj18. 
. . . 
📧❤️ Get pandas in your inbox! Sign up for the Giant Panda Bulletin: https://nationalzoo.si.edu/email.  
. . . 
#PandaStory #PandaCubdates"
images/nzp_youtube_axr76U7OtV0.jpg,Giant Panda Tian Tian Has a Ball in the Snow,title,nzp_youtube,"Feb 2, 2021",True,0.0754,https://www.youtube.com/watch?v=axr76U7OtV0,axr76U7OtV0,58,,"Feb. 2, 2021 | Giant panda Tian Tian had a ball in the snow today. Literally.
. . . 
#NatZooZen #SnowDay #PandaStory"
images/nzp_youtube_vj9ra-IHtxg.jpg,#NatZooZen: Giant Pandas Mei Xiang and Tian Tian in the Snow,title,nzp_youtube,"Feb 1, 2021",True,0.0664,https://www.youtube.com/watch?v=vj9ra-IHtxg,vj9ra-IHtxg,51,,"Jan. 31, 2021 | Slides, somersaults and pure panda joy. Happy snow day from giant pandas Mei Xiang and Tian Tian!  
. . . 
Watch them on the Giant Panda Cam: https://nationalzoo.si.edu/webcams/pa...."
images/nzp_youtube_UVBGiUD9bjk.jpg,#PandaStory: A Bear’s First Taste of Bamboo,title,nzp_youtube,"Jan 29, 2021",True,0.045,https://www.youtube.com/watch?v=UVBGiUD9bjk,UVBGiUD9bjk,53,,"Our little panda cub had a big week—from his first virtual encounter via livestream broadcast to his first taste of bamboo! KEEPER UPDATE: https://s.si.edu/2KYjl6a. 
. . . 
Get pandas in your inbox! Sign up for the Giant Panda Bulletin: https://nationalzoo.si.edu/email.  
. . . 
#PandaStory #PandaCubdates"
images/nzp_youtube_nMxq2QSBcg4.jpg,Giant Panda Tian Tian Eats Hockey Stick and Puck: Go Caps!,title,nzp_youtube,"Jan 28, 2021",False,-0.0147,https://www.youtube.com/watch?v=nMxq2QSBcg4,nMxq2QSBcg4,45,,This 🐼 panda playmaker prefers eating his hockey stick and puck🏒. 👀 Look for pandamonium in the stands at tonight’s @Capitals game! Sending our home team + hometown ❤️ Go Caps! #ALLCAPS #PandaStory
images/nzp_youtube_KaqpeUmvg5M.jpg,#PandaStory: A Parcel of Sweet Potato for Xiao Qi Ji,title,nzp_youtube,"Jan 22, 2021",False,0.0131,https://www.youtube.com/watch?v=KaqpeUmvg5M,KaqpeUmvg5M,36,,"Our sweet panda cub had his first taste of sweet potato. Spoiler alert: he gobbled it up. KEEPER UPDATE: https://s.si.edu/2Nungsv. 
. . . 
#PandaStory #PandaCubdates"
images/nzp_youtube_5pcLsa7ipfE.jpg,#PandaStory: A Playful Panda Cub,title,nzp_youtube,"Jan 15, 2021",False,0.0232,https://www.youtube.com/watch?v=5pcLsa7ipfE,5pcLsa7ipfE,52,,"Jan. 15, 2021 | KEEPER UPDATE: https://nationalzoo.si.edu/animals/ne.... 

Like his mother Mei Xiang, giant panda cub Xiao Qi Ji is careful and cautious when it comes to exploring his environment. Now that he has mastered walking, he has started to practice his climbing skills. He is very deliberate about the paths he takes when traveling up or down the rockwork—more so than siblings Tai Shan, Bao Bao or Bei Bei were. He has taken a few tumbles here and there, but not nearly as many as his brothers and sister did at this age. Luckily, these bears are built to be robust and have thick, wooly fur to cushion their fall."
images/nzp_youtube_kMBLIEP4QAA.jpg,Giant Panda Cub Xiao Qi Ji vs. Giant Hockey Puck: Go Caps!,title,nzp_youtube,"Jan 14, 2021",False,0.0169,https://www.youtube.com/watch?v=kMBLIEP4QAA,kMBLIEP4QAA,31,,Giant panda cub Xiao Qi Ji and Washington Capitals. 🐼 Slapshot 🏒 straight to the heart. ❤️ Sending love to D.C. and our hometown team as they start their season tonight. Go Caps! #ALLCAPS #PandaStory
images/nzp_youtube_ofs-h8PzNZc.jpg,#PandaStory: Tumbles and Toys,title,nzp_youtube,"Jan 11, 2021",False,-0.0121,https://www.youtube.com/watch?v=ofs-h8PzNZc,ofs-h8PzNZc,57,,"Giant panda cub Xiao Qi Ji’s curiosity about the world around him is growing. Pause for an inspirational moment with our adorable little explorer. STORY: https://s.si.edu/2LlRnl7. 
. . . 
With Xiao Qi Ji becoming more aware of and interested in his surroundings, keepers gave him two toys to investigate: a small red Jolly Egg (perfectly sized for a panda cub) and an empty PVC puzzle feeder. When Xiao Qi Ji is exploring the habitat and happens upon them, he usually stops for a few minutes to paw at them, pick them up and give them a nibble. If you would like to help us replenish some of our worn but well-loved toys, you can do so by making a donation to the Enrichment Trunk. 

DONATE: https://nationalzoo.si.edu/animals/an.... 
. . . 
#PandaStory #PandaCubdates"
images/nzp_youtube_A9D-isZ7QdY.jpg,Giant panda cub Xiao Qi Ji vs. the Rock Wall,title,nzp_youtube,"Jan 1, 2021",False,0.005,https://www.youtube.com/watch?v=A9D-isZ7QdY,A9D-isZ7QdY,60,,"🐼 Giant panda cub Xiao Qi Ji continues to explore and take on new challenges—like climbing up rockwork in the indoor habitat he shares with mother Mei Xiang. As shown in this 🎥 clip of “Xiao Qi Ji vs. the Rock Wall,” 🥊 he’s getting stronger, more coordinated and 💯 still an adorable little nugget. 😍"
images/nzp_youtube_nJKV8w0hu8o.jpg,#PandaStory: A Feisty Xiao Qi Ji,title,nzp_youtube,"Dec 18, 2020",True,0.0692,https://www.youtube.com/watch?v=nJKV8w0hu8o,nJKV8w0hu8o,23,,"🐼❤️ This week, we saw the sassy side of our almost 4-month-old giant panda cub, Xiao Qi JI, as he let out a loud and feisty bark! ✏️STORY: https://s.si.edu/38iIRe2. #PandaStory #PandaCubdates"
images/nzp_youtube__tCb3NPyTDY.jpg,#PandaStory: Xiao Qi Ji Is On The Move,title,nzp_youtube,"Dec 11, 2020",True,0.0689,https://www.youtube.com/watch?v=_tCb3NPyTDY,_tCb3NPyTDY,46,,"Xiao Qi Ji is on the move! While our 3.5-month old giant panda cub is still sharpening his walking skills, he appears to be eager to explore the world around him. STORY: https://s.si.edu/3gBqnJs. #PandaStory #PandaCubdates"
images/nzp_youtube_DcUbq2DKh5o.jpg,#PandaStory: Xiao Qi Ji Takes His First Steps,title,nzp_youtube,"Dec 4, 2020",True,0.0635,https://www.youtube.com/watch?v=DcUbq2DKh5o,DcUbq2DKh5o,38,,"That’s one small step for Xiao Qi Ji, one giant leap into our hearts. Our little giant panda cub marked yet another big milestone. Over the Thanksgiving holiday, he took his very first steps!"
images/nzp_youtube_kCxBMs0w5Zg.jpg,#PandaStory: Field Trip,title,nzp_youtube,"Nov 25, 2020",False,0.0275,https://www.youtube.com/watch?v=kCxBMs0w5Zg,kCxBMs0w5Zg,49,,"Giant panda Mei Xiang shows her cub, Xiao Qi Ji, the world outside their den at Smithsonian's National Zoo. Check out the latest update by giant panda keepers Mariel Lally and Marty Dearie on the Zoo's website: https://s.si.edu/3nVMnRL."
images/nzp_youtube_u9-nERPKv30.jpg,Giant Panda Cub: Name Reveal,title,nzp_youtube,"Nov 23, 2020",False,-0.0422,https://www.youtube.com/watch?v=u9-nERPKv30,u9-nERPKv30,173,,"The Smithsonian’s National Zoo and Conservation Biology Institute’s 3-month-old giant panda cub received his name today. After five days of voting and just under 135,000 votes, the winning name is Xiao Qi Ji (SHIAU-chi-ji), which translates as “little miracle” in English. It was one of four Mandarin Chinese names that were offered for a public online vote from Nov. 16 to Nov. 20 on the Zoo’s website. Giant pandas are an international symbol of endangered wildlife and hope, and Xiao Qi Ji’s birth offered the world a much-needed moment of joy amidst the COVID-19 pandemic. His name reflects the extraordinary circumstances under which he was born and celebrates the collaboration between colleagues who strive to conserve this species. LEARN MORE: https://nationalzoo.si.edu/news/his-n...."
images/nzp_youtube_wd2j_19dE0A.jpg,"Giant Panda Cub Third Vet Exam: Nov. 18, 2020",title,nzp_youtube,"Nov 20, 2020",False,-0.0058,https://www.youtube.com/watch?v=wd2j_19dE0A,wd2j_19dE0A,61,,"Big milestones are on the horizon for our giant panda cub. Tomorrow he turns 3 months old, and on Monday he’ll receive his name! (Did we mention he tips the scale in double digits?) Get the update from keeper Marty Dearie. STORY: https://s.si.edu/3fkihV5. #PandaStory #PandaCubdates"
images/nzp_youtube_zs5sJrwcfog.jpg,#PandaStory: Field Trip with the Giant Pandas,title,nzp_youtube,"Nov 6, 2020",False,0.0175,https://www.youtube.com/watch?v=zs5sJrwcfog,zs5sJrwcfog,60,,Tag along on a “field trip” with giant panda Mei Xiang and her cub as they explore the world outside their den.
images/nzp_youtube_4L6gC8JyzMk.jpg,#PandaStory: 11 Weeks Old,title,nzp_youtube,"Nov 5, 2020",False,-0.0335,https://www.youtube.com/watch?v=4L6gC8JyzMk,4L6gC8JyzMk,60,,"It’s hard to believe our giant panda cub will be 11 weeks old tomorrow! As I mentioned in my last update, his mother Mei Xiang has been choosing to spend more time outside eating in the morning and early afternoon while her cub rests in their den. Yesterday, she stepped outside to enjoy the beautiful autumn weather and soak up some sun. The panda team took that opportunity to quickly check her growing cub’s weight and measurements. READ THE FULL UPDATE: https://s.si.edu/3euyg2o."
images/nzp_youtube_1-1BBh5Rq48.jpg,#PandaStory: Pumpkins and Snack-O-Lanterns,title,nzp_youtube,"Nov 2, 2020",True,0.0701,https://www.youtube.com/watch?v=1-1BBh5Rq48,1-1BBh5Rq48,52,,"On Saturday, our giant panda family got into the Halloween spirit, thanks to the talented team in our Department of Nutrition Sciences. They whipped up some not-so-spooky “snack-o-lantern” treats for male Tian Tian and female Mei Xiang made of shredded carrots, applesauce and diluted apple juice pressed into a pumpkin using a Jack-O-Lantern-shaped mold. Keepers presented our 10-week-old cub with a pumpkin as well. Many of the Smithsonian’s National Zoo’s animals receive pumpkins as a fun enrichment item on Halloween because it gives them something new to smell, touch and investigate. STORY:"
images/nzp_youtube_1y9iz33U9a8.jpg,#PandaStory: A Quiet and Calm Cub,title,nzp_youtube,"Oct 30, 2020",True,0.0724,https://www.youtube.com/watch?v=1y9iz33U9a8,1y9iz33U9a8,59,,"In the afternoon of Oct. 28, giant panda mother Mei Xiang went outside to eat, per her new routine. The giant panda team took the opportunity to briefly weigh and measure our cub. READ THE UPDATE: https://s.si.edu/3jFYyjc."
images/nzp_youtube_sB5rNQ-VxiM.jpg,#PandaStory: Nine Weeks Old,title,nzp_youtube,"Oct 26, 2020",True,0.0595,https://www.youtube.com/watch?v=sB5rNQ-VxiM,sB5rNQ-VxiM,41,,"If you’ve caught a glimpse of our cub on the Giant Panda Cam lately, you may have noticed that he likes to sleep on his back. It’s very cute to watch and a trait that is unique among all four cubs born here! When he is awake, he continues to practice crawling around the den. READ THE UPDATE: https://s.si.edu/2HzSwDC."
images/nzp_youtube_fY3KHiN-Ma4.jpg,#PandaStory: Cub's Second Veterinary Exam,title,nzp_youtube,"Oct 22, 2020",False,0.0021,https://www.youtube.com/watch?v=fY3KHiN-Ma4,fY3KHiN-Ma4,86,,"Yesterday marked two months since our giant panda cub’s birth! That meant it was time for Zoo veterinarians to pay him a visit and administer the cub’s first vaccine. During the exam, they took the cub's measurements. It’s official—he's as round as he is long (and 100% adorable). STORY: https://s.si.edu/37ykJW6 . #PandaStory #PandaCubdates"
images/nzp_youtube_AhLBwY1P634.jpg,#PandaStory: Weekend Field Trip,title,nzp_youtube,"Oct 19, 2020",True,0.0711,https://www.youtube.com/watch?v=AhLBwY1P634,AhLBwY1P634,74,,"Although our giant panda cub is still perfecting his crawling skills, mother Mei Xiang is helping her son see the world beyond their den. Over the weekend, the pair took a brief “field trip” into their large enclosure, where the cub got a glimpse of their indoor habitat. STORY: https://s.si.edu/35d0vyv. #PandaStory #PandaCubdates"
images/nzp_youtube_KPuiMdFytl4.jpg,#PandaStory: Fruitsicles and Feistiness,title,nzp_youtube,"Oct 15, 2020",False,-0.009,https://www.youtube.com/watch?v=KPuiMdFytl4,KPuiMdFytl4,57,,"Tomorrow, our giant panda cub will be eight weeks old! Mei Xiang has always been a devoted mother to her cubs, and this little guy is no exception.   Read the full update from assistant curator Laurie Thompson. UPDATE: https://s.si.edu/340B5og."
images/nzp_youtube_lRRpvnog8jI.jpg,It's a Boy! Smithsonian’s National Zoo’s Giant Panda Cub Is Male,title,nzp_youtube,"Oct 5, 2020",False,0.0006,https://www.youtube.com/watch?v=lRRpvnog8jI,lRRpvnog8jI,65,,"The Smithsonian’s National Zoo’s 6-week-old giant panda cub is a male, Smithsonian Conservation Biology Institute (SCBI) scientists confirmed. During the cub’s first veterinary exam Sept. 19, Zoo veterinarians obtained a swab from his cheek for DNA analysis. Outwardly, male and female cubs appear similar at birth, so a genetic test was the most accurate way to determine the cub’s sex. Veterinarians brought the swab to SCBI’s Center for Conservation Genomics, where scientists sequenced a short fragment of the zinc finger protein gene. The X and Y chromosomes both have this gene, with slightly different DNA sequences. Scientists determined that the swab sample taken by the Zoo’s veterinarians has both sequences present—confirming that the cub is male. A painting created by male giant panda Tian Tian (tee-YEN tee-YEN), the cub’s father, was used to reveal the sex of the cub to giant panda keepers and fans online.

The Zoo will continue to provide updates on the cub on its website, on soci"
images/nzp_youtube_NQdUFfBaBhk.jpg,Giant Panda Cub Crawls at Smithsonian's National Zoo,title,nzp_youtube,"Oct 2, 2020",True,0.0662,https://www.youtube.com/watch?v=NQdUFfBaBhk,NQdUFfBaBhk,60,,Cub on the move! Our giant panda team caught a glimpse of our 5-week-old cub crawling under the watchful eye of mother Mei Xiang. Watch them on the Giant Panda Cam! TUNE IN: https://s.si.edu/2xiVLKp.
images/nzp_youtube_J956GH-SnjE.jpg,"#PandaStory: Cub Exam on Sept. 25, 2020",title,nzp_youtube,"Sep 28, 2020",False,-0.0272,https://www.youtube.com/watch?v=J956GH-SnjE,J956GH-SnjE,60,,"Check out a video of last week's giant panda cub exam, which took place at the Panda House Sept. 25, 2020! The cub was 35 days old. 

Assistant curator of giant pandas Laurie Thompson shared details about the exam in her last update: https://s.si.edu/369hSC7. ."
images/nzp_youtube_DDKGaNjeu64.jpg,#PandaStory: Giant Panda Cub Turns One Month Old,title,nzp_youtube,"Sep 23, 2020",True,0.0511,https://www.youtube.com/watch?v=DDKGaNjeu64,DDKGaNjeu64,54,,"🐼❤️🐼 Don't miss a single snuggle. Watch Mei Xiang and her cub on the Giant Panda Cam. 🎥 TUNE IN: https://s.si.edu/2xiVLKp. 
. . .
#PandaStory #PandaCubdates #NatZooZen"
images/nzp_youtube_FlK6QX1-AnE.jpg,#PandaStory: Giant Panda Cub's First Veterinary Exam,title,nzp_youtube,"Sep 21, 2020",False,-0.0165,https://www.youtube.com/watch?v=FlK6QX1-AnE,FlK6QX1-AnE,185,,"Our giant panda cub has reached a big milestone—today marks one month since its birth Aug. 21. Over the weekend, Mei Xiang left the den, and an opportunity arose to conduct the cub's first veterinary exam! READ THE UPDATE: https://nationalzoo.si.edu/animals/ne...."
images/nzp_youtube_N7ZKo4WGcVA.jpg,"#PandaStory: Giant Panda Cub Yawn Sept. 9, 2020",title,nzp_youtube,"Sep 14, 2020",True,0.0707,https://www.youtube.com/watch?v=N7ZKo4WGcVA,N7ZKo4WGcVA,45,,"Exciting news! When giant panda Mei Xiang left the den yesterday to eat some bamboo, the panda team was able to retrieve her 3-week-old cub for its first neonatal exam. READ THE UPDATE: https://s.si.edu/3hDgjih."
images/nzp_youtube_DXs52SsNWyQ.jpg,#PandaStory: Cub Day 19 (Video 2),title,nzp_youtube,"Sep 9, 2020",True,0.0671,https://www.youtube.com/watch?v=DXs52SsNWyQ,DXs52SsNWyQ,23,,"Our giant panda cub is growing! As our newborn packs on the grams, it is becoming a bit easier to spot on the Panda Cam. Now that the cub’s markings have come in, we have a few weeks to go before the next big milestone. READ THE UPDATE: https://s.si.edu/2ZkYYEe. #PandaStory #PandaCubdates"
images/nzp_youtube_PJBqN08xKOo.jpg,#PandaStory: Cub Day 19 (Video 1),title,nzp_youtube,"Sep 9, 2020",True,0.0419,https://www.youtube.com/watch?v=PJBqN08xKOo,PJBqN08xKOo,60,,"Our giant panda cub is growing! As our newborn packs on the grams, it is becoming a bit easier to spot on the Panda Cam. Now that the cub’s markings have come in, we have a few weeks to go before the next big milestone. READ THE UPDATE: https://s.si.edu/2ZkYYEe. #PandaStory #PandaCubdates"
images/nzp_youtube_XuRQQ95IOP0.jpg,#PandaStory: Cub Day 13,title,nzp_youtube,"Sep 3, 2020",False,0.028,https://www.youtube.com/watch?v=XuRQQ95IOP0,XuRQQ95IOP0,59,,"Giant panda Mei Xiang continues to be a wonderful mother to her newborn. Last night, she gently set the cub down on the floor of their den and walked into her main indoor enclosure to drink some water. Once again, we were able to get a good look at it via the Panda Cam. At almost two weeks old, the cub is able to lift itself off of the ground for a few moments. It is exciting to see the iconic black markings around its eyes and on its ears, legs and saddle (back) become more visible every day. READ THE UPDATE: https://nationalzoo.si.edu/animals/ne...."
images/nzp_youtube_DhduN8DkWUQ.jpg,#PandaStory: Giant Panda Cub Day 10 at Smithsonian’s National Zoo,title,nzp_youtube,"Aug 31, 2020",True,0.032,https://www.youtube.com/watch?v=DhduN8DkWUQ,DhduN8DkWUQ,23,,"🐼👀 Our giant panda cub appears to be growing nicely! Over the weekend, the Panda Cam revealed a peek of its tiny paws compared to those of mother Mei Xiang. ✏️ READ THE UPDATE: https://s.si.edu/2EVAZUH. #PandaStory #PandaCubdates
. . .
About Mei Xiang’s den: Bears in the wild, including giant pandas, give birth in small dens. In China's Wolong Reserve, pandas make their dens in large hollow conifer trees, with a diameter of about 3 feet. Where there aren't any trees, pandas den in caves with a little bedding of twigs. (Note: Our panda team provides Mei Xiang with bamboo, which she shreds and uses as bedding.) They stay in these dens for about the cub's first 100 days.
. . .
Zoo keepers strive to recreate these surroundings for Mei Xiang. She always has access to her larger enclosures, though for the first few months of the cub's life she will spend the vast majority of her time in the den with the cub."
images/nzp_youtube_NchIEK1myRE.jpg,#PandaStory: Cub Day 7,title,nzp_youtube,"Aug 28, 2020",True,0.0858,https://www.youtube.com/watch?v=NchIEK1myRE,NchIEK1myRE,124,,"Last night, giant panda Mei Xiang gave us another peek at her precious cub! If you look closely, you can see its iconic black eye markings starting to appear. READ THE UPDATE: https://nationalzoo.si.edu/animals/ne...."
images/nzp_youtube_ULT3DhKQgt4.jpg,#PandaStory: Cub Day 6,title,nzp_youtube,"Aug 27, 2020",True,0.071,https://www.youtube.com/watch?v=ULT3DhKQgt4,ULT3DhKQgt4,105,,"Big news! Early this morning, our Panda Team observed giant panda Mei Xiang leave the den twice to get a drink of water at 4:27 a.m. and 5:59 a.m. Her brief reprieve offered Panda Cam viewers a look at the growing cub! READ THE UPDATE: https://s.si.edu/3gCB6lg."
images/nzp_youtube_PFQijdjMS_g.jpg,#PandaStory: Cub Day 5 at Smithsonian's National Zoo,title,nzp_youtube,"Aug 26, 2020",True,0.0535,https://www.youtube.com/watch?v=PFQijdjMS_g,PFQijdjMS_g,26,,"Giant panda Mei Xiang continues to exhibit excellent maternal care and is attentive to her cub. Regular, loud cub vocalizations are signs of good health and music to the panda team’s ears! Last night around 5:40 p.m., Mei Xiang placed the cub on the floor of her den for just a few seconds, giving all of those watching the Panda Cam a fantastic view of her growing cub. READ THE UPDATE: https://s.si.edu/2QvfbBO."
images/nzp_youtube_qUUur1qNK9Q.jpg,#PandaStory: Cub Day 4,title,nzp_youtube,"Aug 25, 2020",True,0.0438,https://www.youtube.com/watch?v=qUUur1qNK9Q,qUUur1qNK9Q,27,,"Giant panda Mei Xiang and her newborn cub continue to do well. As Mei Xiang shifts from a resting position (laying down) to a nursing position (sitting up) and vice-versa, she occasionally holds the cub delicately in her mouth. READ THE UPDATE: https://s.si.edu/3hu5nnM."
images/nzp_youtube_mLlEz3VGeO4.jpg,#PandaStory: Cub Day 3,title,nzp_youtube,"Aug 24, 2020",True,0.0385,https://www.youtube.com/watch?v=mLlEz3VGeO4,mLlEz3VGeO4,48,,"Mei Xiang, our 22-year-old giant panda, continues to be a devoted mother. Our newborn cub has little fur and cannot regulate its own body temperature, so Mei Xiang cradles the cub to keep it warm. Read the full update here: https://s.si.edu/2YuH41j."
images/nzp_youtube_pZoGPDngylw.jpg,"#PandaStory: Cub Day 2 (Aug. 23, 2020)",title,nzp_youtube,"Aug 23, 2020",True,0.0438,https://www.youtube.com/watch?v=pZoGPDngylw,pZoGPDngylw,32,,"Our panda team observed Mei Xiang and her cub overnight and were happy with the behaviors they saw. As expected, Mei Xiang is being an excellent and attentive mother. She has already established positions for nursing and sleeping. Via the Panda Cam, the team watches Mei Xiang nurse her cub while sitting at the back of the den—often with her knee propped up on the wall—and sleep with it tucked in between her arms. 

Mei Xiang and her newborn are getting into a good routine. Assistant curator Laurie Thompson observed that Mei Xiang seems to be able to get more rest with this cub. In previous years, Bao Bao and Bei Bei would vocalize when she attempted to lie down on her side. 

Since birth, the cub has been vocalizing regularly with grunts and squeals. As time goes on, keepers are seeing more glimpses of it as Mei Xiang changes position. From what the team has observed so far, it appears to be strong and healthy! On behalf of the panda team and all of us at the Smithsonian’s National Zoo"
images/nzp_youtube_KEbNjLsQSV0.jpg,Giant Panda Mei Xiang Cares for Her Cub at Smithsonian's National Zoo,title,nzp_youtube,"Aug 22, 2020",False,0.0233,https://www.youtube.com/watch?v=KEbNjLsQSV0,KEbNjLsQSV0,33,,"Keepers report that giant panda Mei Xiang and her newborn had a successful first night. Between bouts of good rest, Mei Xiang appeared to nurse her cub and was very attentive to its vocalizations. Staff are closely monitoring the pair via the Panda Cam, allowing Mei Xiang and her cub time to bond. 👀🎥 TUNE IN: https://s.si.edu/2xiVLKp. #PandaStory #PandaCubdates"
images/nzp_youtube_3HnYnRW80tY.jpg,Giant Panda Mei Xiang Cares for Her Cub at Smithsonian's National Zoo,title,nzp_youtube,"Aug 22, 2020",True,0.0887,https://www.youtube.com/watch?v=3HnYnRW80tY,3HnYnRW80tY,17,,"❤️🐼 Keepers report that giant panda Mei Xiang and her newborn had a successful first night. Between bouts of good rest, Mei Xiang appeared to nurse her cub and was very attentive to its vocalizations. Staff are closely monitoring the pair via the Panda Cam, allowing Mei Xiang and her cub time to bond. #PandaStory #PandaCubdates"
images/nzp_youtube_Oq2Y_sN9Qgg.jpg,Get a Glimpse of a Giant Panda Cub at Smithsonian's National Zoo,title,nzp_youtube,"Aug 21, 2020",True,0.0887,https://www.youtube.com/watch?v=Oq2Y_sN9Qgg,Oq2Y_sN9Qgg,17,,"🐼❤️ Three cheers for giant panda Mei Xiang! She graced us with a glimpse of her wonderful, wiggly cub. It was born 6:35 p.m. Friday, Aug. 21. Watch along with us via the Panda Cam! 👀🎥 TUNE IN: https://s.si.edu/2xiVLKp. #PandaStory #PandaCubdates"
images/nzp_youtube_1KOtvTN80mo.jpg,Giant Panda Cub Born at Smithsonian's National Zoo,title,nzp_youtube,"Aug 21, 2020",True,0.079,https://www.youtube.com/watch?v=1KOtvTN80mo,1KOtvTN80mo,58,,See and listen to the joyous moment when our giant panda cub was born at 6:35 p.m.! The animal care team reports mom Mei Xiang and cub appear to be doing well. #PandaStory #PandaCubdates
images/nzp_youtube_59GyEvCUQM8.jpg,Preparing for a Giant Panda Cub at Smithsonian's National Zoo,title,nzp_youtube,"Aug 19, 2020",False,0.0257,https://www.youtube.com/watch?v=59GyEvCUQM8,59GyEvCUQM8,40,,"How does our animal care team prepare for a giant panda cub? Keepers converted their office into a nursery! The team is ready to step in and help Mei Xiang, if need be. They report that she is spending more time in her den—a good sign that she may give birth in the coming days. Watch along with us via the Panda Cam! TUNE IN: https://s.si.edu/2xiVLKp. #PandaStory"
images/nzp_youtube_ARK4V-57u3g.jpg,"Giant Panda Ultrasound, August 17, 2020",title,nzp_youtube,"Aug 17, 2020",False,-0.0559,https://www.youtube.com/watch?v=ARK4V-57u3g,ARK4V-57u3g,35,,"Keep your paws crossed! This morning, Zoo veterinarians saw some exciting movement during giant panda Mei Xiang’s ultrasound. Her fetus was kicking and swimming in the amniotic fluid. Its spine and blood flow were also clearly visible. We hope to have a healthy cub in the coming days!"
images/nzp_youtube_RG9RAEYKCtk.jpg,Giant Panda Mei Xiang Eats A Rainbow Ice Cake,title,nzp_youtube,"Jun 30, 2020",False,0.0172,https://www.youtube.com/watch?v=RG9RAEYKCtk,RG9RAEYKCtk,63,,"“Pride Month reminds us to support one another and celebrate the strength and diversity of our community.” –  Smithsonian Secretary Lonnie Bunch 

🐼🌈Happy Pride from giant panda Mei Xiang and all of us at Smithsonian's National Zoo!  #SmithsonianPride #BringtheZootoYou"
images/nzp_youtube_o0w5H5O7NhY.jpg,#NatZooZen: A Tale of Two Tian Tians,title,nzp_youtube,"Jun 1, 2020",False,-0.0116,https://www.youtube.com/watch?v=o0w5H5O7NhY,o0w5H5O7NhY,33,,"A tale of two Tian Tians: the calm and the storm. Whether he’s quietly enjoying an afternoon fruitsicle or going toe-to-toe with a towel scented with non-toxic bubble bath, there’s no denying he’s one adorable giant panda.

When Tian Tian is in rut, he is very interested in playing with different textiles, especially if keepers add a unique scent to them. In this video, Asia Trail keepers dabbled some of his favorite bubble bath solution on a towel. Tian Tian is scent-anointing—or, as keepers call it, “washing” his ears and cheeks! For a treat, he also receives a fruitsicle—a frozen block of diluted apple, grape or pineapple juice sprinkled with chunks of apples or pears."
images/nzp_youtube_xd7GkFAM_ZU.jpg,How to make a cake for a giant panda,title,nzp_youtube,"May 22, 2020",False,-0.0287,https://www.youtube.com/watch?v=xd7GkFAM_ZU,xd7GkFAM_ZU,151,,Brian Cannon of Smithsonian's National Zoo walks through the process of making unique cakes for our giant pandas that are both delicious and nutritious.
images/nzp_youtube_LvegwTfu68w.jpg,#NatZooZen: Giant Panda Tian Tian Munches on Bamboo,title,nzp_youtube,"May 15, 2020",False,0.0075,https://www.youtube.com/watch?v=LvegwTfu68w,LvegwTfu68w,38,,"Every spring between late April and May, tender shoots of new bamboo sprout in the Washington, D.C. area. Asia Trail keepers feed as many shoots as possible to our giant pandas, Mei Xiang and Tian Tian, and our red pandas, Asa and Jackie. This time of year, they all prefer the shoots over some of their favorite summer, fall and winter foods. READ THE FULL UPDATE: https://s.si.edu/2Z4KBok."
images/nzp_youtube_B-AcdW_X8-Y.jpg,Keeper Memories: Marty and Bei Bei,title,nzp_youtube,"Feb 25, 2020",False,0.0537,https://www.youtube.com/watch?v=B-AcdW_X8-Y,B-AcdW_X8-Y,85,,"Our keepers have been caring for Bei Bei since the day he was born. Now, he's all grown up and it's time to say goodbye. #PandaStory #ByeByeBeiBei"
images/nzp_youtube_uKFGutz7EJg.jpg,"Bye Bye, Bei Bei: All the Feels",title,nzp_youtube,"Nov 19, 2019",False,0.0131,https://www.youtube.com/watch?v=uKFGutz7EJg,uKFGutz7EJg,177,,Take a look back on Bei Bei's amazing journey at the Smithsonian's National Zoo before he left for China.
images/nzp_youtube_vJX5_JIuHd4.jpg,B-roll for Media Use: Giant Panda Bei Bei Departs the Zoo for China,title,nzp_youtube,"Nov 19, 2019",False,0.0134,https://www.youtube.com/watch?v=vJX5_JIuHd4,vJX5_JIuHd4,202,,"Bei Bei (BAY-BAY), the 4-year-old giant panda, began his journey to China this morning. He departed the Smithsonian’s National Zoo at 9:30 a.m. for Dulles International Airport in northern Virginia where he will board a dedicated FedEx 777F plane bound for Chengdu, China. The non-stop flight will take about 16 hours. Bei Bei’s departure from the Zoo was broadcast via Facebook Live.

First thing this morning, the panda team finalized preparations for Bei Bei’s departure. Bei Bei received his last “American breakfast” of bamboo and leafeater biscuits and spent time in his outdoor habitat. Already acclimated from daily training, Bei Bei was called back indoors by assistant curator of giant pandas, Laurie Thompson, and then into the custom travel crate at approximately 8:15 a.m. Zoo staff moved the crate onto a forklift that traveled carefully out of the David M. Rubenstein Family Giant Panda Habitat through the Zoo and was then loaded on a FedEx truck. Steve Monfort, the director of the Z"
images/nzp_youtube_DjCmfe_b5Dc.jpg,Keeper Memories: Mariel and Bei Bei,title,nzp_youtube,"Nov 15, 2019",False,0.0341,https://www.youtube.com/watch?v=DjCmfe_b5Dc,DjCmfe_b5Dc,90,,"Mariel, one of Bei Bei's keepers, looks back on the past four years with her panda birthday buddy and shares some of her favorite memories with him. #PandaStory #ByeByeBeiBei"
images/nzp_youtube_Y5pX2075Tsw.jpg,Best of Bei Bei,title,nzp_youtube,"Nov 12, 2019",False,0.0077,https://www.youtube.com/watch?v=Y5pX2075Tsw,Y5pX2075Tsw,62,,Before Bei Bei enters the next chapter of his life—contributing to his species’ survival in China—we’re taking a moment to share some of our favorite memories of him with you. Join us for an adorable trip down memory lane! #ByeByeBeiBei #PandaStory
images/nzp_youtube_NC9pTuzajE4.jpg,Bei Bei's 4th Birthday,title,nzp_youtube,"Aug 22, 2019",False,-0.0166,https://www.youtube.com/watch?v=NC9pTuzajE4,NC9pTuzajE4,42,,"Bei Bei (BAY-BAY) turned 4 years old today, Aug. 22. The Department of Nutrition Science at the Smithsonian’s National Zoo made him a panda-friendly frozen cake as a birthday treat. Keepers placed the cake made of his favorite foods, including diluted apple and grape juice, leaf-eater biscuits, applesauce, apples, pears, bananas, carrots, cooked sweet potatoes and sugar cane, in his yard at 9 a.m. 
Bei Bei was born at the Zoo but will move to China now that he is 4 years old as stipulated in the Zoo’s giant panda breeding agreement. The preparations for his move are well underway and include working with other federal agencies, researching travel logistics, coordinating with colleagues in China and preparing Bei Bei for the move. A date for his move has not been finalized, but it will occur in the coming months."
images/nzp_youtube_EEaWtRVo144.jpg,Bei Bei's 4th Birthday,title,nzp_youtube,"Aug 22, 2019",False,0.0002,https://www.youtube.com/watch?v=EEaWtRVo144,EEaWtRVo144,110,,"Bei Bei (BAY-BAY) turned 4 years old today, Aug. 22. The Department of Nutrition Science at the Smithsonian’s National Zoo made him a panda-friendly frozen cake as a birthday treat. Keepers placed the cake made of his favorite foods including diluted apple and grape juice, leaf-eater biscuits, applesauce, apples, pears, bananas, carrots, cooked sweet potatoes and sugar cane in his yard at 9 a.m. 
Bei Bei was born at the Zoo but will move to China now that he is 4 years old as stipulated in the Zoo’s giant panda breeding agreement. The preparations for his move are well underway and include working with other federal agencies, researching travel logistics, coordinating with colleagues in China and preparing Bei Bei for the move. A date for his move has not been finalized, but it will occur in the coming months."
images/nzp_youtube_IKBUUvl70jg.jpg,Mei Xiang Rolls in Wood Shavings,title,nzp_youtube,"Jun 26, 2019",True,0.0306,https://www.youtube.com/watch?v=IKBUUvl70jg,IKBUUvl70jg,27,,"Mei Xiang's favorite perfume might be wood shavings. Keepers put a box of wood shavings in her yard because they thought she might like their smell, or to roll in them. When pandas find a scent they like, they rub it all over their bodies. The behavior is called ""scent-anointing,"" and that is exactly what Mei Xiang did."
images/nzp_youtube_THKq1c44dnY.jpg,Mei Xiang Playing in a Bubble Bath Tub,title,nzp_youtube,"Mar 22, 2019",False,0.0044,https://www.youtube.com/watch?v=THKq1c44dnY,THKq1c44dnY,49,,"On March 15, Mei Xiang started exhibiting behavioral signs that breeding season is approaching! A urinary hormone analysis confirmed that her change in behavior was due to her rising estrogen levels, signaling that the panda breeding season will be here soon.

Mei Xiang’s behavioral changes have not been especially subtle, she has broken from her energy-efficient routine of eating and sleeping and is instead much more active. She is very eager to play and splash in the pools in her yard and enclosure, and the bubble bath tubs she receives as extra enrichment. She also has been scent-marking around her habitat. Scent-marks are one of the ways giant pandas communicate if they are ready to breed. Adults do not spend time together outside of the breeding season. A scent-mark helps the solitary animals find each other during the 24-to-72-hour window the female is able to conceive a cub. Mei Xiang is not just advertising her rising hormonal levels through her restlessness and scent-marks, sh"
images/nzp_youtube_XiYj8cMP6i8.jpg,Giant Panda Housewarming Celebration,title,nzp_youtube,"Feb 26, 2019",False,0.0024,https://www.youtube.com/watch?v=XiYj8cMP6i8,XiYj8cMP6i8,66,,"🐼 Thanks to all our visitors who came to our giant panda housewarming party, sponsored by Airbnb on Saturday, Feb. 23! The day was filled with activities and celebratory treats for humans and animals. The Embassy of the People's Republic of China provided free dumplings. Airbnb provided free hot chocolate. And Friends of the National Zoo gave away free limited-edition prints of an original painting by #TianTian, #MeiXiang and #BeiBei. If you couldn't make it, stop by the panda house to see the new exhibit! #PandaStory"
images/nzp_youtube_pNff91GIIUg.jpg,"Giant pandas in the snow Feb. 20, 2019",title,nzp_youtube,"Feb 20, 2019",False,0.004,https://www.youtube.com/watch?v=pNff91GIIUg,pNff91GIIUg,45,,"Snow in Washington, D.C. today, Feb. 20, brought out the playful side of the giant pandas at the Smithsonian's National Zoo. Twenty-year-old Mei Xiang (may-SHONG) and three-year-old Bei Bei (BAY-BAY) spent their mornings eating bamboo and rolling in the snow. Giant pandas are adapted to cold weather and their thick woolly fur keeps them warm and dry, even in snow. 

The Zoo is inviting visitors to celebrate pandas Saturday, Feb. 23. The Zoo and the Embassy of the People's Republic of China are hosting a giant panda housewarming party, sponsored by Airbnb. The  party to celebrate the new visitor exhibit inside the panda house will run from 9:30 a.m. to 2 p.m., and will include free dumplings until 11 a.m., free hot chcolate until 2 p.m., and special scientist and keeper talks. For the first time ever, visitors will receive a free special limited edition print of an original painting by Tian Tian (tee-YEN tee-YEN), Mei Xiang and Bei Bei. The prints will be available in the Panda Plaza gi"
images/nzp_youtube_hhSUandetlE.jpg,Pandas in Snow 2019,title,nzp_youtube,"Jan 29, 2019",False,-0.0005,https://www.youtube.com/watch?v=hhSUandetlE,hhSUandetlE,56,,
images/nzp_youtube_N_bu-EZfrJ4.jpg,Giant Panda Thanksgiving Treats 2018,title,nzp_youtube,"Nov 27, 2018",False,-0.0236,https://www.youtube.com/watch?v=N_bu-EZfrJ4,N_bu-EZfrJ4,41,,"Tian Tian, a 21-year-old male giant panda, eats a panda-friendly sweet potato pie. The Zoo's department of nutrition science made the pie out of foods that are part of the giant pandas' normal diet. The crust was made of crushed primate biscuits (a nutritionally complete biscuit) and the interior of the pie was made of boiled sweet potatoes."
images/nzp_youtube_DANW0kPoy9s.jpg,Bei Bei in the Snow,title,nzp_youtube,"Nov 15, 2018",False,0.0012,https://www.youtube.com/watch?v=DANW0kPoy9s,DANW0kPoy9s,54,,"Nov. 14, 2018— Three-year-old giant panda Bei Bei plays in the snow. The giant pandas are most active in cold weather and enjoy tumbling and rolling in snow."
images/nzp_youtube_tTyS1W2U5pw.jpg,Tian Tian Playing,title,nzp_youtube,"Aug 27, 2018",True,0.0317,https://www.youtube.com/watch?v=tTyS1W2U5pw,tTyS1W2U5pw,59,,"Aug. 27, 2018—This silly ol' bear turned 21 today! But he can still play like a big cub."
images/nzp_youtube_dRKE_OsK9os.jpg,Giant Panda Bei Bei Celebrates His Third Birthday,title,nzp_youtube,"Aug 22, 2018",True,0.0316,https://www.youtube.com/watch?v=dRKE_OsK9os,dRKE_OsK9os,55,,"Bei Bei turned 3 years old today! In celebration of his big day, Bei Bei enjoyed an ice-cake, participated in an enrichment painting session and received a new panda-friendly toy.

His cake was specially made by the Zoo’s department of nutrition sciences and included all of his favorite foods. The tiers were made of diluted apple, cranberry and grape juice with leaf-eater biscuit puree. It was decorated and filled with apples, pears, bananas, shredded carrots and cooked sweet potatoes. The number 3 that topped the cake was made of diluted apple juice with a leaf-eater biscuit puree center."
images/nzp_youtube_hUk_jjFcYm8.jpg,Bei Bei Celebrates His Third Birthday at the Smithsonian's National Zoo,title,nzp_youtube,"Aug 22, 2018",False,0.0138,https://www.youtube.com/watch?v=hUk_jjFcYm8,hUk_jjFcYm8,141,,"Giant panda Bei Bei (BAY BAY) celebrated his third birthday at the Smithsonian's National Zoo. He was born at the Zoo Aug. 22, 2015, to mother Mei Xiang (may-SHONG) and father Tian Tian (t-YEN t-YEN) as the result of artificial insemination. His name means “precious” or “treasure.” Bei Bei currently weighs 214 pounds. Each giant panda has distinctive markings; Bei Bei’s eye patches are heart-shaped, and two black dots sit on the bridge of his nose."
images/nzp_youtube_LDPplceeUUs.jpg,Making Bei Bei's New Hammock,title,nzp_youtube,"Jun 29, 2018",True,0.0731,https://www.youtube.com/watch?v=LDPplceeUUs,LDPplceeUUs,45,,"The exhibits team built the hammocks from sturdy fire hose and installed them. There has been a hammock in Bei Bei’s enclosure for several years, but it was starting to show some wear-and-tear as it’s been a favorite resting spot for him and Bao Bao when she lived there. Bei Bei is 215 pounds now and still growing, so our exhibits team made the hammock large enough for an adult male. That also means that if Mei Xiang or Tian Tian spend time in that enclosure, the hammock will be big enough to accommodate them."
images/nzp_youtube_9LUevryyZoA.jpg,Mei Xiang Participates in an Ultrasound,title,nzp_youtube,"Jun 21, 2018",False,0.0153,https://www.youtube.com/watch?v=9LUevryyZoA,9LUevryyZoA,38,,"The only definitive way to determine if Mei Xiang is pregnant before she gives birth is to detect a fetus on an ultrasound. Veterinarians have are conducting ultrasounds twice a week to track changes in Mei Xiang’s reproductive tract, but it is still too early to see a developing fetus on an ultrasound. It is important that Mei Xiang is comfortable with the procedure and is trained to participate in it because she is more reactive to change and unfamiliar things at the end of a pregnancy or pseudopregnancy. If she is trained to participate in and is comfortable with having an ultrasound, it increases the chances she will participate in the final stages of a pregnancy or pseudopregnancy. However, she always has the choice to participate. If she chooses not to participate, she can leave the training chute at any time and veterinarians will not perform an ultrasound."
images/nzp_youtube_l_lY2vvZAA0.jpg,Giant Panda Plays with Ice (Treat) Hockey Puck,title,nzp_youtube,"Jun 1, 2018",False,0.003,https://www.youtube.com/watch?v=l_lY2vvZAA0,l_lY2vvZAA0,45,,"In honor of the Washington, D.C. Capitals making the NHL playoffs, the Smithsonian's National Zoo's giant panda Tian Tian was given a special treat of a bamboo hockey stick, ice puck and a fruitsicle star!"
images/nzp_youtube_5QgXBybIGZg.jpg,Tian Tian Scent-Anointing During Breeding Season,title,nzp_youtube,"Mar 19, 2018",True,0.0483,https://www.youtube.com/watch?v=5QgXBybIGZg,5QgXBybIGZg,56,,"Tian Tian scent-anoints himself with a scent-mark left by Mei Xiang. When giant pandas scent-anoint, they will rub a scent over their heads and ears. During breeding season, keepers track his reactions to Mei Xiang's scent marks. He shredded the log she left it on in an attempt to cover his head and ears with it."
images/nzp_youtube_OQ30xuRIzGM.jpg,Chinese New Year Panda Greeting 2018,title,nzp_youtube,"Feb 15, 2018",True,0.0465,https://www.youtube.com/watch?v=OQ30xuRIzGM,OQ30xuRIzGM,66,,Giant panda Bei Bei celebrated the 2018 Chinese New Year with a decorative box painted for the Year of the Dog and filled with sweet potatoes and honey!
images/nzp_youtube_7NAHLY4WxBE.jpg,Bei Bei Celebrates His Second Birthday at the Smithsonian's National Zoo,title,nzp_youtube,"Aug 22, 2017",True,0.0424,https://www.youtube.com/watch?v=7NAHLY4WxBE,7NAHLY4WxBE,114,,"Giant panda Bei Bei (BAY-BAY) celebrated his second birthday Aug. 22, with a panda-friendly cake made by the department of nutrition at the Smithsonian's National Zoo. The cake was made primarily of frozen dilute juice, apples, pears, carrots, sweet potatoes and leaf-eater biscuits. Keepers also placed a birthday-themed enrichment box and several new Jolly Balls in Bei Bei's yard for him to enjoy."
images/nzp_youtube_hYcZ2BZPlPs.jpg,Giant Panda Mei Xiang Receives an Ultrasound,title,nzp_youtube,"Aug 11, 2017",False,0.0218,https://www.youtube.com/watch?v=hYcZ2BZPlPs,hYcZ2BZPlPs,39,,"Aug. 11, 2017—Veterinarians at the Smithsonian's National Zoo performing an ultrasound on giant panda Mei Xiang Aug. 3. It is too soon to determine if she is pregnant, but veterinarians are tracking changes in her uterus. Keepers work with Mei Xiang to voluntarily participate in ultrasounds. She enters a training chute where she lies down and presents her belly to veterinarians. Keepers offer Mei Xiang some of her favorite treats, such as honey water and pears, for participating in the ultrasound. She also likes to scent-anoint her self with the ultrasound gel after the procedure is complete. The only way to definitively determine if a female giant panda is pregnant is to detect a fetus on an ultrasound. Her hormones and behavior will mimic a pregnancy even if she is not pregnant."
images/nzp_youtube_SLpQasx4iWY.jpg,Mei Xiang B-Roll,title,nzp_youtube,"May 23, 2017",False,0.0288,https://www.youtube.com/watch?v=SLpQasx4iWY,SLpQasx4iWY,37,,Female giant panda Mei Xiang (18 years old).
images/nzp_youtube_WwHOGLqT0OE.jpg,Giant Panda Bao Bao: All the Feels,title,nzp_youtube,"Feb 21, 2017",False,-0.0158,https://www.youtube.com/watch?v=WwHOGLqT0OE,WwHOGLqT0OE,161,,Thanks to all the panda fans out there for your love and support. You make it possible for the Smithsonian's National Zoo and Conservation Biology Institute to save giant pandas. Here's a look back at what Bao Bao means to all of us.
images/nzp_youtube_7avUMnaJBi0.jpg,B-Roll: Mei Xiang Enjoys Bei Bei's Frozen cake While He Sleeps in His Den,title,nzp_youtube,"Aug 20, 2016",False,0.001,https://www.youtube.com/watch?v=7avUMnaJBi0,7avUMnaJBi0,189,,"Bei Bei and Mei Xiang, Bao Bao (turning 3 Aug. 23) and Tian Tian (turning 19 Aug. 27) also received tiered birthday cakes made by our nutrition department. The tiers were made of frozen diluted juice and were dyed various colors using beet juice, carrot juice, apple juice and food dye. The cakes were decorated with flower appliques carved from apples, pears, cooked sweet potatoes, leaf-eater biscuits and arrow bamboo-some of the pandas' favorite foods. In lieu of icing, a large number ""1"" carved from frozen diluted apple juice sat atop Bei Bei's cake; keepers also topped the cake with some honey for a special treat. Although Bei Bei chose to sleep inside, it was clear that Mei Xiang enjoyed the refreshing treat!"
images/nzp_youtube_3qo2ZdiokpY.jpg,Smithsonian’s National Zoo Celebrates Giant Panda Bei Bei’s First Birthday,title,nzp_youtube,"Aug 20, 2016",True,0.0529,https://www.youtube.com/watch?v=3qo2ZdiokpY,3qo2ZdiokpY,132,,"The National Zoo and the Embassy of the People’s Republic of China celebrated giant panda cub Bei Bei’s (BAY-BAY) first birthday this morning with a Zhuazhou (dra-JO) ceremony. During a traditional Zhuazhou ceremony, symbolic objects are placed in front of a baby. The item that the baby reaches for first foretells something about his or her future. The Zhuazhou for Bei Bei was slightly modified for a panda cub. Mother Mei Xiang (may-SHONG) chose the red knot on behalf of Bei Bei, which means he will serve as an ambassador for scientific collaboration."
images/nzp_youtube_rC-hYec_gIM.jpg,Tian Tian Takes a Bath,title,nzp_youtube,"Mar 24, 2016",True,0.0378,https://www.youtube.com/watch?v=rC-hYec_gIM,rC-hYec_gIM,20,,"Rub-a-dub-dub, ‪Tian Tian‬ in a tub! Keepers provided him a tub of water with non-toxic bubble bath soap. He really soaked it up. He rubbed it on his ears—which is called scent-anointing. (Wait for the tail wiggle!) Pandas do not bathe regularly in the wild, but when Tian Tian is in rut—meaning he’s exhibiting behaviors associated with breeding season—he especially likes to play in water. ‪#‎PandaStory‬"
images/nzp_youtube_CPO2y_uii9k.jpg,Bei Bei Climbs a Tree,title,nzp_youtube,"Feb 8, 2016",True,0.0311,https://www.youtube.com/watch?v=CPO2y_uii9k,CPO2y_uii9k,80,,"Feb. 8, 2016—Bei Bei ventured outside for the second time this morning, and after several attempts climbed a tree for the first time. His mother Mei Xiang helped him successfully climb down. #WeSaveSpecies"
images/nzp_youtube_6f7ep11jEiI.jpg,Bei Bei goes outside,title,nzp_youtube,"Feb 4, 2016",False,0.0175,https://www.youtube.com/watch?v=6f7ep11jEiI,6f7ep11jEiI,65,,"Feb. 4, 2016—Bei Bei ventured outside for the first time this morning with his mother Mei Xiang. He attempted to climb a few trees and played with his mom. After about an hour both headed back inside the panda house. #WeSaveSpecies"
images/nzp_youtube_X9BE8sjtlJA.jpg,Bei Bei B-roll for Media Use Only 12-16-2015,title,nzp_youtube,"Dec 16, 2015",False,0.0196,https://www.youtube.com/watch?v=X9BE8sjtlJA,X9BE8sjtlJA,201,,"Giant panda cub Bei Bei at a routine weighing with his keepers Dec. 14, 2015. He weighed in at 17.5 pounds. He will make his public debut Jan. 16, 2016. Members of Friends of the National Zoo will be able to see him on exhibit starting Jan. 8, 2016."
images/nzp_youtube_X-Isg_pJy2c.jpg,Bei Bei's First Steps,title,nzp_youtube,"Nov 10, 2015",True,0.0716,https://www.youtube.com/watch?v=X-Isg_pJy2c,X-Isg_pJy2c,41,,"One small step for panda…one adorably wobbly moment for all of us—‪‎BeiBei‬’s first steps! 

Under the watchful eye of mom Mei Xiang, BeiBei took his first steps on Monday, Nov. 9 around 4:50pm. ‪#‎PandaStory‬ ‪#‎WeSaveSpecies‬

Now that he’s got all four paws under him, Bei Bei will begin to wander around and leave the den on his own to explore the indoor enclosure."
images/nzp_youtube_5PufPfOSweI.jpg,Bei Bei Choo!,title,nzp_youtube,"Sep 29, 2015",True,0.0425,https://www.youtube.com/watch?v=5PufPfOSweI,5PufPfOSweI,27,,"Giant panda cub Bei Bei sneezes. As of Sept. 28, Bei Bei weighs 4 lbs."
images/nzp_youtube__WFbHXyOJK0.jpg,Giant Panda Cub Veterinary Exam,title,nzp_youtube,"Sep 22, 2015",False,0.0062,https://www.youtube.com/watch?v=_WFbHXyOJK0,_WFbHXyOJK0,16,,"At a veterinary exam Sept. 17, 2015 our giant panda cub measured 31 centimeters from his head to the tip of his tail. From his head to the base of his tail he measured 27 centimeters. His right front leg was 10 centimeters long and his right hind leg was 9 centimeters long. Veterinarians reported that he has an excellent range of motion and is able to push up onto his front legs. Keepers have seen him scooting around the den using his front legs, but he is not walking yet. #PandaStory"
images/nzp_youtube_49VkEme2WFc.jpg,GoPro Footage of Giant Panda Cub Exam,title,nzp_youtube,"Sep 8, 2015",True,0.0353,https://www.youtube.com/watch?v=49VkEme2WFc,49VkEme2WFc,76,,"Mei Xiang left her den Saturday afternoon to eat and drink. She ate more bamboo than during her previous excursions away from the den, which is normal. Keepers expect Mei Xiang to gradually spend more time away from the den eating and drinking as the cub grows. While Mei Xiang was eating, veterinarians and keepers took the opportunity to give the cub another quick checkup. He weighed 409.6 grams, which was 119 grams more than he weighed on Sept. 2. His 297 percent weight increase is normal for a cub his age. Cubs at this stage usually gain between 40 and 55 grams per day. Veterinarians also listened to his heart and lungs, which all sounded normal. His eyes are still closed, which is normal. Cubs’ eyes generally open when they are 6 to 8 weeks old. He also had a full belly at the time of the exam and appeared to be healthy. ‪#‎PandaStory‬

Sept. 5, 2015"
images/nzp_youtube_YvEh6QwtXyY.jpg,Giant Panda Cub Health Check,title,nzp_youtube,"Sep 4, 2015",True,0.0491,https://www.youtube.com/watch?v=YvEh6QwtXyY,YvEh6QwtXyY,43,,"Mei Xiang left her den for a few minutes Wednesday afternoon giving our veterinarians an opportunity to do a quick cub health check to ensure that he is growing and healthy. They listened to his heart and lungs, palpated his abdomen and checked that he was able to move his forelimbs and hindlimbs. He is moving well and had a full belly. He now weighs in at 287.5 grams (about 10 ounces)! His eyes are still closed and his black markings are becoming more pronounced. #PandaStory

Sept. 2, 2015"
images/nzp_youtube_yOBTP5IzaLY.jpg,Panda Cam Footage of Mei Xiang and Cub,title,nzp_youtube,"Sep 1, 2015",True,0.0808,https://www.youtube.com/watch?v=yOBTP5IzaLY,yOBTP5IzaLY,271,,"August 31, 2015 - Mei Xiang decided to eat some sugarcane and drink some dilute apple juice the keepers left for her yesterday evening around 6 p.m. Two hours later, she left the den to urinate and defecate—only the second time she’s done that since giving birth. She put the cub down when she left and he was very quiet the entire time she was gone. Over the next few weeks she will get more comfortable leaving him for increasingly longer periods of time to eat and drink. While Mei was away, our behavior watchers got a fantastic view of the cub!"
images/nzp_youtube_se-wVOn89Ok.jpg,Giant Panda Cub is a Boy!,title,nzp_youtube,"Aug 28, 2015",True,0.0665,https://www.youtube.com/watch?v=se-wVOn89Ok,se-wVOn89Ok,72,,"Aug. 28, 2015. Scientists at the Smithsonian Conservation Biology Institute’s Center for Conservation and Evolutionary Genetics confirmed that the giant panda cub born to Mei Xiang Aug. 22 at the National Zoo is male. A paternity analysis showed that Tian Tian is the cub’s father."
images/nzp_youtube_D1nJVAWrdUU.jpg,Mei Xiang and Cub,title,nzp_youtube,"Aug 27, 2015",True,0.0506,https://www.youtube.com/watch?v=D1nJVAWrdUU,D1nJVAWrdUU,62,,"Overnight, it was evident to panda keepers and veterinarians that our healthy panda cub was active and nursing appropriately throughout the night. Mother Mei Xiang is showing proper maternal care which includes short sleep cycles and adjusting the tiny cub in her arms for better positioning and grooming. The staff heard strong vocalizations from the cub and observed it a couple times during the night. The cub is growing more hair, its tail looks plump and the cub overall looks great. The Zoo will continue to provide daily updates on Mei Xiang and the cub through its @SmithsonianZoo Instagram account using #PandaStory and through the Giant Panda e-newsletter.

Aug. 27, 2015"
images/nzp_youtube_i-k7DzmqOBY.jpg,Exam of the First Born Panda Cub,title,nzp_youtube,"Aug 23, 2015",False,-0.0105,https://www.youtube.com/watch?v=i-k7DzmqOBY,i-k7DzmqOBY,18,,"Around 6:30 a.m. on Aug. 23, 2015 veterinarians examined the cub Mei Xiang gave birth to at 5:35 p.m. Aug. 22."
images/nzp_youtube_HKvEcXNRz_E.jpg,Mei Xiang Giving Birth to Second Cub Aug. 22 at 10:07 p.m.,title,nzp_youtube,"Aug 23, 2015",True,0.0671,https://www.youtube.com/watch?v=HKvEcXNRz_E,HKvEcXNRz_E,37,,"Mei Xiang gave birth to a second giant panda cub at 10:07 p.m., Aug. 22. The panda team retrieved one of the cubs per ""twin hand rearing"" protocol and placed it in an incubator. Both cubs appear to be doing well. #PandaStory"
images/nzp_youtube_JnXDXjcfllQ.jpg,"Giant Panda Mei Xiang Giving Birth to Cub August 22, 2015",title,nzp_youtube,"Aug 22, 2015",True,0.0629,https://www.youtube.com/watch?v=JnXDXjcfllQ,JnXDXjcfllQ,59,,"Giant panda Mei Xiang (may-SHONG) gave birth to a cub at the Smithsonian’s National Zoo today, Aug. 22. The panda team witnessed the birth at 5:35 pm.  Mei Xiang reacted to the cub by picking it up. The panda team began preparing for a birth when they saw Mei Xiang’s water break at 4:32 pm and she was already having contractions. The sex of the cub won’t be determined until a later date."
images/nzp_youtube_-Wn1mxwOTIQ.jpg,Giant Panda Mei Xiang in Labor: Water Breaking,title,nzp_youtube,"Aug 22, 2015",True,0.0588,https://www.youtube.com/watch?v=-Wn1mxwOTIQ,-Wn1mxwOTIQ,15,,Panda team confirms Mei Xiang's water broke. Hours away and hoping for a healthy cub.
images/nzp_youtube_9BwUNPg9dX8.jpg,Giant Panda Mei Xiang Ultrasound,title,nzp_youtube,"Aug 19, 2015",False,0.0739,https://www.youtube.com/watch?v=9BwUNPg9dX8,9BwUNPg9dX8,31,,"Veterinarians Viewed Surprising Giant Panda Ultrasound at Smithsonian’s National Zoo

For the first time at the National Zoo, veterinarians detected something new during an ultrasound procedure this morning on giant panda Mei Xiang. They believe it is a developing giant panda fetus. Based on the size of the fetus, which is about four centimeters, veterinarians estimate that Mei Xiang could give birth early next week, or possibly in early September. In past years, veterinarians have only detected changes to Mei Xiang’s uterus, which occurs for both a pregnancy and pseudopregnancy. Historically, and since Aug. 7 of this year, Mei Xiang declined participating in ultrasounds at this stage, so it was a surprise when she responded to the panda keepers’ calls this morning.

There is a substantial possibility that Mei Xiang could resorb or miscarry a fetus. Scientists do not fully understand why some mammals resorb fetuses.

The Zoo’s panda team is monitoring Mei Xiang through the Zoo’s panda "
images/nzp_youtube_QPu8bXHqtUw.jpg,Mei Xiang Ultrasound Video Clip,title,nzp_youtube,"Aug 19, 2015",False,-0.12,https://www.youtube.com/watch?v=QPu8bXHqtUw,QPu8bXHqtUw,12,,"Veterinarians Viewed Surprising Giant Panda Ultrasound at Smithsonian’s National Zoo

For the first time at the National Zoo, veterinarians detected something new during an ultrasound procedure this morning on giant panda Mei Xiang. They believe it is a developing giant panda fetus. Based on the size of the fetus, which is about four centimeters, veterinarians estimate that Mei Xiang could give birth early next week, or possibly in early September. In past years, veterinarians have only detected changes to Mei Xiang’s uterus, which occurs for both a pregnancy and pseudopregnancy. Historically, and since Aug. 7 of this year, Mei Xiang declined participating in ultrasounds at this stage, so it was a surprise when she responded to the panda keepers’ calls this morning.

There is a substantial possibility that Mei Xiang could resorb or miscarry a fetus. Scientists do not fully understand why some mammals resorb fetuses.

The Zoo’s panda team is monitoring Mei Xiang through the Zoo’s panda "
images/nzp_youtube_OrQTQ08BQvQ.jpg,Bao Bao Blizzard,title,nzp_youtube,"Jan 27, 2015",False,0.0256,https://www.youtube.com/watch?v=OrQTQ08BQvQ,OrQTQ08BQvQ,19,,"Video recorded Jan. 6, 2015
Music: ProleteR - April Showers"
images/nzp_youtube_HQZ3-OD0ml0.jpg,Bao Bao's First Snow Day!,title,nzp_youtube,"Jan 6, 2015",False,0.0112,https://www.youtube.com/watch?v=HQZ3-OD0ml0,HQZ3-OD0ml0,65,,"Support giant panda conservation at the Zoo and the Smithsonian Conservation Biology Institute! http://s.si.edu/1DGqJEj  

Jan. 6, 2015—As the year’s first blanket of snow coated the Washington, D.C. area today, giant panda Bao Bao spent much of the morning playing in it for the very first time. The sixteen month-old panda cub tumbled down the hill in her outdoor enclosure, climbed trees and pounced on her mother Mei Xiang."
images/nzp_youtube_ntTHL0aD-a4.jpg,Training With Bao Bao,title,nzp_youtube,"Oct 24, 2014",False,0.0006,https://www.youtube.com/watch?v=ntTHL0aD-a4,ntTHL0aD-a4,87,,"October 2014—Training is an important part of caring for giant pandas. Our adult giant pandas, Mei Xiang and Tian Tian, choose to participate in veterinary exams, like ultrasounds and blood draws. They also present their paws when asked and open their mouths, so keepers can visually check them. As a reward for choosing to interact with the keepers, the pandas get a treat, usually honey water, biscuits, apple or pear. Bao Bao is still a beginner when it comes to training, but she's making great progress. By the time she is an adult bear, she will be able to do as many behaviors as her parents. Training makes veterinary procedures and basic husbandry much easier for both the bears and the humans! #WeSaveSpecies"
images/nzp_youtube_b6cSTOj2n2k.jpg,Bao Bao Playing in the Rain,title,nzp_youtube,"Sep 25, 2014",False,0.0093,https://www.youtube.com/watch?v=b6cSTOj2n2k,b6cSTOj2n2k,16,,"(Sept. 25, 2014) Panda keepers regularly think up enrichment activities for Bao Bao that encourage her natural behaviors and support training for husbandry and veterinary procedures. However, sometimes the best enrichment consists of simply climbing a tree. Conservation cutie playing in the rain. #WeSaveSpecies"
images/nzp_youtube_D0zzSVaB3TE.jpg,Smithsonian's National Zoo: Giant Panda Bao Bao's First Birthday with Zhuazhou Ceremony,title,nzp_youtube,"Aug 29, 2014",False,0.0272,https://www.youtube.com/watch?v=D0zzSVaB3TE,D0zzSVaB3TE,182,,"The National Zoo and the Embassy of the People’s Republic of China celebrated giant panda cub Bao Bao’s first birthday Aug. 23 with a Zhuazhou (dra-JO) ceremony. During a traditional Zhuazhou ceremony, symbolic objects are placed in front of a baby. The item that the baby reaches for first foretells something about his or her future. The Zhuazhou for Bao Bao was slightly modified for a panda cub. Three posters with symbols painted on them were placed in Bao Bao’s yard. Each poster had a different image, painted by students from the Sunshine School, affiliated with the Embassy of the People’s Republic of China and Friends of the National Zoo summer campers. Ambassador Cui Tiankai, Dennis Kelly, director of the National Zoo, and Brandie Smith, senior curator of mammals placed small honey treats (a new favorite treat of Bao Bao’s) under the posters. One poster had peaches painted on it; in China peaches are a symbol of longevity. The second poster had bamboo painted on it, representing go"
images/nzp_youtube_fu_yd-yPUD0.jpg,#BaoBaoBday: Frozen Panda Birthday Cake,title,nzp_youtube,"Aug 23, 2014",False,-0.0071,https://www.youtube.com/watch?v=fu_yd-yPUD0,fu_yd-yPUD0,15,,No birthday would be complete without a cake. Bao Bao got a special panda-friendly cake on her birthday. The tiered cake was made of frozen diluted apple juice and dyed pink using beet juice. It was decorated with carrot and sweet potato appliques. #BaoBaoBday
images/nzp_youtube_7N4kqNz5-d8.jpg,#BaoBaoBday: Bao Bao Turns 1 Tomorrow,title,nzp_youtube,"Aug 22, 2014",True,0.0694,https://www.youtube.com/watch?v=7N4kqNz5-d8,7N4kqNz5-d8,121,,"Thanks to the panda cams, sponsored by the Ford Motor Company Fund, we have a digital scrapbook of Bao Bao's first year! In honor of Bao Bao's first birthday and giant panda conservation the Smithsonian's National Zoo is sharing clips from the panda cams collected over the past year. This brand new clip is from Aug. 22, 2014 - the day before Bao Bao's first birthday. What a difference a year makes! When Bao Bao was born she weighed 4.8 ounces, her eyes were closed and she had yet to get her white and black coloration. Now she weighs 44 pounds, has her black and white fur, and spends much of her time outside in her yard. Join in the celebration and tweet your birthday wishes for Bao Bao, and include what she represents for giant panda conservation using #BaoBaoBday!"
images/nzp_youtube_zN-HTwHKLdk.jpg,From the Panda Cam Vault: Bao Bao at 2 Months,title,nzp_youtube,"Aug 21, 2014",True,0.05,https://www.youtube.com/watch?v=zN-HTwHKLdk,zN-HTwHKLdk,16,,"Thanks to the panda cams, sponsored by the Ford Motor Company Fund, we have a digital scrapbook of Bao Bao's first year! In honor of Bao Bao's first birthday and giant panda conservation the Smithsonian's National Zoo is sharing clips from the panda cams collected over the past year. Join in the celebration and tweet your birthday wishes for Bao Bao, and include what she represents for giant panda conservation using #BaoBaoBday!"
images/nzp_youtube_GkgxwTJ6qtg.jpg,Panda Cam Flashback: Mei Xiang Holding Bao Bao,title,nzp_youtube,"Aug 14, 2014",True,0.0771,https://www.youtube.com/watch?v=GkgxwTJ6qtg,GkgxwTJ6qtg,16,,"In honor of Bao Bao's first birthday and giant panda conservation the Smithsonian's National Zoo is sharing clips from the panda cams collected over the past year. Join in the celebration and tweet your birthday wishes for Bao Bao, and include what she represents for giant panda conservation using #BaoBaoBday!"
images/nzp_youtube_3V1-B1-RXU4.jpg,Bao Bao Flashback: Her First Day Outside!,title,nzp_youtube,"Aug 12, 2014",True,0.0749,https://www.youtube.com/watch?v=3V1-B1-RXU4,3V1-B1-RXU4,29,,"In honor of Bao Bao's first birthday and giant panda conservation the Smithsonian's National Zoo is sharing clips from the panda cams collected over the past year. Join in the celebration and tweet your birthday wishes for Bao Bao, and include what she represents for giant panda conservation using #BaoBaoBday!"
images/nzp_youtube_uktYlTTVPsA.jpg,From the Panda Cam Vault: Bao Bao Testing Her Climbing Skills,title,nzp_youtube,"Aug 11, 2014",True,0.0748,https://www.youtube.com/watch?v=uktYlTTVPsA,uktYlTTVPsA,16,,"In honor of Bao Bao's first birthday and giant panda conservation the Smithsonian's National Zoo is sharing clips from the panda cams collected over the past year. Join in the celebration and tweet your birthday wishes for Bao Bao, and include what she represents for giant panda conservation using #BaoBaoBday!"
images/nzp_youtube__PdqABZ5xDo.jpg,From the Panda Cam Vault: Playtime,title,nzp_youtube,"Aug 11, 2014",True,0.0917,https://www.youtube.com/watch?v=_PdqABZ5xDo,_PdqABZ5xDo,16,,"In honor of Bao Bao's first birthday and giant panda conservation the Smithsonian's National Zoo is sharing clips from the panda cams collected over the past year. Join in the celebration and tweet your birthday wishes for Bao Bao, and include what she represents for giant panda conservation using #BaoBaoBday!"
images/nzp_youtube_HUcsgHin2vM.jpg,From the Panda Cam Vault: Looking Back on the Past Year #BaoBaoBday,title,nzp_youtube,"Jul 30, 2014",True,0.051,https://www.youtube.com/watch?v=HUcsgHin2vM,HUcsgHin2vM,16,,"In honor of Bao Bao's first birthday and giant panda conservation the Smithsonian's National Zoo is sharing clips from the panda cams collected over the past year. Join in the celebration and tweet your birthday wishes for Bao Bao, and include what she represents for giant panda conservation using #BaoBaoBday!"
images/nzp_youtube_dbynvgUKscM.jpg,From the Panda Cam Vault: Celebrating #BaoBaoBday,title,nzp_youtube,"Jul 29, 2014",True,0.0436,https://www.youtube.com/watch?v=dbynvgUKscM,dbynvgUKscM,16,,"In honor of Bao Bao's first birthday and giant panda conservation the Smithsonian's National Zoo is sharing clips from the panda cams collected over the past year. Join in the celebration and tweet your birthday wishes for Bao Bao, and include what she represents for giant panda conservation using #BaoBaoBday!"
images/nzp_youtube_oNPqJ3QYYtM.jpg,Bao Bao's First Day Outside,title,nzp_youtube,"Apr 1, 2014",True,0.093,https://www.youtube.com/watch?v=oNPqJ3QYYtM,oNPqJ3QYYtM,16,,"Bao Bao ventured outside for the first time April 1, 2014 with her mother Mei Xiang. She explored the yard while sticking close to Mei. #WeSaveSpecies"
images/nzp_youtube_nwP7agIDXEo.jpg,Brand New Panda Van Rolls In,title,nzp_youtube,"Feb 21, 2014",False,-0.0024,https://www.youtube.com/watch?v=nwP7agIDXEo,nwP7agIDXEo,40,,"Music by: Lohstana David

On Friday, Feb. 21, Ziad Ojakli, Ford Group Vice President of Government and Community Relations turned over the keys to a new Ford Transit Connect Van to the Smithsonian's National Zoo. The van, covered with images of the new giant panda cub Bao Bao, will enable the Zoo's park management team to conduct essential business all over the 163 acre property. Ojakli also serves on the advisory board of the Smithsonian's National Zoo. 

On Sat., Feb. 22 and Sun., Feb. 23, all Zoo visitors will be able to receive a free cup of hot chocolate from the Ford Transit Connect Panda Van from 1--3 p.m. The free hot chocolate giveaway will be occurring near the Olmstead Walk entrance at the Zoo bus lot near Panda Plaza. 

The Ford Motor Company Fund has been a generous supporter of the giant panda program since 2012. The Panda Cam sponsored by the Ford Motor Company Fund has received over 12 million views since Bao Bao was born Aug. 23. You can view the panda cam online at: h"
images/nzp_youtube_StuxRN16aPc.jpg,Bao Bao Bites Her Foot,title,nzp_youtube,"Jan 14, 2014",True,0.08,https://www.youtube.com/watch?v=StuxRN16aPc,StuxRN16aPc,23,,"Jan. 12, 2014

Bao Bao can be seen practicing her motor skills around the panda house at the David M. Rubenstein Family Giant Panda Habitat now, but on Jan. 12, 2014, while entertaining herself in the den, she took a nibble of her rear paw."
images/nzp_youtube_JeqPNg_KS1I.jpg,Bao Bao Rock Climbs,title,nzp_youtube,"Dec 20, 2013",True,0.0908,https://www.youtube.com/watch?v=JeqPNg_KS1I,JeqPNg_KS1I,108,,"Giant panda cub Bao Bao climbs the rock work in Mei Xiang's large enclosure on December 18, 2013."
images/nzp_youtube_eoZcW6mmPdk.jpg,Bao Bao Mastering Her Climbing Skills,title,nzp_youtube,"Dec 20, 2013",True,0.089,https://www.youtube.com/watch?v=eoZcW6mmPdk,eoZcW6mmPdk,161,,"Giant panda cub, Bao Bao, climbing in her exhibit with her mother Mei Xiang on December 18, 2013."
images/nzp_youtube_gEFJITtCyEE.jpg,Giant Panda Cub Naming Ceremony,title,nzp_youtube,"Dec 3, 2013",False,-0.0207,https://www.youtube.com/watch?v=gEFJITtCyEE,gEFJITtCyEE,730,,"After 100 days and 123,039 votes the giant panda cub at the Smithsonian's National Zoo received her name —Bao Bao— on Sunday, Dec. 1. Smithsonian Secretary Wayne Clough, Ambassador Cui Tiankai from the People's Republic of China and Assistant Secretary Kerri-Ann Jones from the U.S. Department of State's Bureau of Oceans and International Environmental and Scientific Affairs revealed her name at a ceremony celebrating the cub's first 100 days of life. Bao Bao translates as precious or treasure in English. It was one of five Mandarin Chinese names that were offered for a public online vote from Nov. 5 to Nov. 22."
images/nzp_youtube_eY1svnx4M3o.jpg,"Peng Liyuan, First Lady of the People's Republic of China, on Giant Panda Cub Naming",title,nzp_youtube,"Dec 1, 2013",False,0.0152,https://www.youtube.com/watch?v=eY1svnx4M3o,eY1svnx4M3o,149,,"Mrs. Peng Liyuan, First Lady of the People's Republic of China, shares her congratulations on the naming of the Smithsonian's National Zoo's giant panda cub, born on August 23, 2013."
images/nzp_youtube_GixnXiw-QLI.jpg,"Michelle Obama, First Lady of the United States, on Giant Panda Cub Naming",title,nzp_youtube,"Dec 1, 2013",False,-0.1124,https://www.youtube.com/watch?v=GixnXiw-QLI,GixnXiw-QLI,136,,"Mrs. Michelle Obama, First Lady of the United States, shares her congratulations on the naming of the Smithsonian's National Zoo's giant panda cub, born on August 23, 2013."
images/nzp_youtube_0bbdk0XfHJk.jpg,Giant Panda Cub's First Steps,title,nzp_youtube,"Nov 19, 2013",True,0.0836,https://www.youtube.com/watch?v=0bbdk0XfHJk,0bbdk0XfHJk,123,,The giant panda cub at the Smithsonian's National Zoo has started taking her first unsteady steps.
images/nzp_youtube_WGQTnnJ5OTQ.jpg,Help Us Name Our Giant Panda Cub at the Smithsonian's National Zoo,title,nzp_youtube,"Nov 5, 2013",False,-0.0327,https://www.youtube.com/watch?v=WGQTnnJ5OTQ,WGQTnnJ5OTQ,129,,"The giant panda cub born at the Smithsonian's National Zoo on August 23, 2013 has become America's panda sweetheart. And now we need panda supporters from across the globe to help name her! The new cub is part of the successful giant panda partnership between the United States and the People's Republic of China. Her birth is a direct result of our scientists' ongoing dedication to understand the lives, ecology and reproduction of these charismatic bears and ensure a healthy future for them and their mountain habitat.
 
We have five names on the ballot, submitted by the People's Republic of China Ambassador to the United States Cui Tiankai, U.S. Ambassador to China Gary Locke and his family, giant panda keepers at the National Zoo, giant panda keepers at the China Conservation and Research Center for the Giant Panda in Wolong, and Friends of the National Zoo.
 
Vote for your favorite, and spread the word! Over 200,000 people voted to name Tai Shan, the giant panda cub born in 2005. You "
images/nzp_youtube_CL_ghqZ4w8o.jpg,"Panda Cub Crawls Oct. 22, 2013",title,nzp_youtube,"Oct 24, 2013",True,0.067,https://www.youtube.com/watch?v=CL_ghqZ4w8o,CL_ghqZ4w8o,33,,
images/nzp_youtube_ArSn8Jq5hkA.jpg,Giant Panda Cub is Almost Eight Weeks Old,title,nzp_youtube,"Oct 17, 2013",False,0.0043,https://www.youtube.com/watch?v=ArSn8Jq5hkA,ArSn8Jq5hkA,21,,"The gates at the Smithsonian's National Zoo will open to the public Friday, October 18! The live animal cams were turned off during the government shutdown, including the panda cams. The Zoo's Information Technology staff began the process of bringing the live animal cams back online Thursday morning, starting with the panda cams. The 15 different camera systems required federal resources, primarily staff, to operate and were deemed non-essential during a shutdown.

With the return of the cams, giant panda fans can once again watch the Zoo's eight week-old cub and her mother Mei Xiang. Since the panda cams went dark the cub has grown and passed several developmental milestones. She weighs five pounds (2.557 kilograms), up from 3.07 pounds (1.39 kilograms) at her veterinary exam September 26. She also has partially opened her eyes. Keepers noticed that her right eye had started to open October 4. By October 11, both her eyes had partially opened. Her ears are also fully open and she now"
images/nzp_youtube_ilS55P22lhE.jpg,Giant Panda Cub Wiggles,title,nzp_youtube,"Sep 25, 2013",True,0.0411,https://www.youtube.com/watch?v=ilS55P22lhE,ilS55P22lhE,32,,"Mei Xiang and the cub, Sept. 23, 2013."
images/nzp_youtube_Pfxg4dPMz9k.jpg,"Mei Xiang and Cub, Sept. 17",title,nzp_youtube,"Sep 20, 2013",True,0.0564,https://www.youtube.com/watch?v=Pfxg4dPMz9k,Pfxg4dPMz9k,33,,Mei Xiang and her 3 and-a-half week old cub.
images/nzp_youtube_337qJ8qCh80.jpg,Panda Cub Rolls Over,title,nzp_youtube,"Sep 13, 2013",True,0.0733,https://www.youtube.com/watch?v=337qJ8qCh80,337qJ8qCh80,24,,"Mei's cub can roll from her front to her back, but then she has to yell for Mei's help."
images/nzp_youtube_d4jcoA7YQM0.jpg,Mei Xiang Cradling Her Nearly Three Week-old Cub,title,nzp_youtube,"Sep 12, 2013",True,0.075,https://www.youtube.com/watch?v=d4jcoA7YQM0,d4jcoA7YQM0,29,,"Giant panda moms spend most of their time cradling their cubs in their first weeks of life. In this video from earlier this morning Mei has the cub tucked between her arm and her chin. Thanks to the new panda cams, you can see the cub tucked away and give a little yawn.  

You can read more about caring for panda cubs on the panda cub FAQ page. http://s.si.edu/17ZFrX0"
images/nzp_youtube_SEZnI04ej4Y.jpg,Giant Panda Update: Two-and-a-Half Weeks Old,title,nzp_youtube,"Sep 11, 2013",True,0.0655,https://www.youtube.com/watch?v=SEZnI04ej4Y,SEZnI04ej4Y,28,,"Video Credit: Smithsonian's National Zoo

Mei Xiang and her cub are still doing well! Keepers and veterinarians expect that Mei will leave begin leaving her den for longer periods of time soon. When she does leave the den for longer periods of time keepers and veterinarians hope to be able to perform another health check on the cub. In the meantime, keepers are continuing to do short training sessions with Mei in her den, and offer her small snack-sized treats for participating."
images/nzp_youtube_3vhEXs2Cruo.jpg,Smithsonian's National Zoo's Giant Panda Cub is A Girl!,title,nzp_youtube,"Sep 5, 2013",True,0.0663,https://www.youtube.com/watch?v=3vhEXs2Cruo,3vhEXs2Cruo,16,,"It's a girl! SCBI's Center for Conservation and Evolutionary genetics confirmed that our panda cub is a girl! Further, the paternity analysis shows that her father is Tian Tian.The scientists also analyzed the second, stillborn cub. That cub was also a girl, and also Tian Tian's. The cubs were fraternal twins."
images/nzp_youtube_MVK3XZBajLw.jpg,National Zoo Panda Cub Update: Day 6,title,nzp_youtube,"Aug 29, 2013",True,0.0854,https://www.youtube.com/watch?v=MVK3XZBajLw,MVK3XZBajLw,49,,"Video credit: Smithsonian's National Zoo

Aug. 29, 2013--In the early morning hours (3:37 a.m.), Mei Xiang gently placed her cub on the floor of her den.   The tiny cub has a round belly, which indicates that it is nursing well. The cub also has a great set of lungs! There is a lot of squawking until Mei carefully picks her cub up and cradles it.
 
Mei is very aware of the keepers when they enter her den space to offer her food. Today, Mei drank 56 oz. of apple juice diluted with water, which is a good sign that she is doing well. 

Keepers and veterinarians continue to monitor Mei Xiang and her cub visually and auditorily. They will will allow Mei Xiang's behaviors direct how they access the cub. All visual indications tell animal care staff that both bears are thriving.

We invite fans to keep watching Mei and her cub on the Panda Cam, sponsored by Ford Motor Company Fund. Due to the volume of viewers, the viewing period has been set to 15 minutes. To watch for a longer amount of tim"
images/nzp_youtube_43lCHjR4npk.jpg,Giant Panda Mei Xiang Gives Birth at Smithsonian's National Zoo,title,nzp_youtube,"Aug 23, 2013",True,0.0555,https://www.youtube.com/watch?v=43lCHjR4npk,43lCHjR4npk,31,,"Giant panda Mei Xiang (may-SHONG) gave birth to a cub at the Smithsonian's National Zoo 5:32 p.m. The panda team heard the cub vocalize and glimpsed the cub for the first time briefly immediately after the birth. Mei Xiang picked the cub up immediately and began cradling and caring for it.
Behavior watchers have been monitoring her 24 hours a day since Aug. 7 via the panda cams. The panda team began preparing for a birth when they saw her water break around 3:36 p.m. and she began having contractions. Mei Xiang started spending extended amounts of time body licking and cradling her toys Aug. 11, all signs that she could give birth. 
            For the first time this year scientists used another test developed by the Memphis Zoo which analyzed Mei Xiang's levels of prostaglandin metabolite (a fatty acid) to narrow the window when she would give birth or experience a pseudopregnancy. Scientists at the Memphis Zoo performed the analysis and determined that if Mei Xiang were pregnant she"
images/nzp_youtube_PDhBq-arIAQ.jpg,Mei Xiang's Ultrasound at the Smithsonian National Zoo,title,nzp_youtube,"Jul 22, 2013",False,0.0318,https://www.youtube.com/watch?v=PDhBq-arIAQ,PDhBq-arIAQ,177,,"Mei Xiang, the Giant Panda, received an ultrasound earlier in July."
images/nzp_youtube_oxf1CKqauLM.jpg,Timelapse Video of Giant Panda Mei Xiang's Den,title,nzp_youtube,"Oct 11, 2012",True,0.092,https://www.youtube.com/watch?v=oxf1CKqauLM,oxf1CKqauLM,21,,"Giant panda Mei Xiang at Smithsonian's National Zoo built a nest leading up to the birth of her cub. A camera in the den caught sporadic images over that time, resulting in this video. Pandas that experience either a pregnancy or a pseudo-pregnancy build nests in preparation for birth."
images/nzp_youtube_a68EOkVMu-s.jpg,National Zoo Giant Panda Shows Cub to Panda Cam Viewers,title,nzp_youtube,"Sep 21, 2012",True,0.0607,https://www.youtube.com/watch?v=a68EOkVMu-s,a68EOkVMu-s,27,,"At approximately 10:09 p.m. Sept. 20, Panda Cam viewers got what may be the best view yet of the Smithsonian's National Zoo's five-day-old panda cub. Balanced atop mother Mei Xiang's arm, the cub squirms and vocalizes while being groomed. 

Zoo staff and volunteers are diligently monitoring both bears over the Panda Cam along with tens of thousands of panda enthusiasts. Viewers can help the Zoo capture video by taking a screen grab and sharing it on Flickr.

To follow the panda cub's progress, read the updates from the Zoo's panda keepers and check for news on the Zoo's Twitter feed and Facebook page. We will continue to send media alerts about cub developments."
images/nzp_youtube_vuC4gvzcUZY.jpg,Panda Cub at the Smithsonian's National Zoo,title,nzp_youtube,"Sep 20, 2012",True,0.0694,https://www.youtube.com/watch?v=vuC4gvzcUZY,vuC4gvzcUZY,16,,"The Smithsonian's National Zoo's female giant panda Mei Xiang gave Panda Cam viewers another sneak peek of her cub, born Sunday Sept. 16. At about 7:54 a.m. Sept. 20, Mei Xiang gently picked the squealing cub up in her mouth before placing it on the ground to groom it. Keepers continue to be encouraged by the cub's activity and vocalizations—two signs that it is healthy. Mei Xiang is able to sleep for brief periods but promptly cradles, grooms and nurses her cub when it vocalizes. Zoo staff and volunteers are diligently monitoring both bears over the Panda Cam, minimizing disturbances around their den. The behavior studies are an integral part of the Zoo's research effort to better understand the species' reproductive physiology. We will continue to send media alerts about cub developments. 

To follow the panda cub's progress, read the updates from the Zoo's panda keepers and check for news on the Zoo's Twitter feed and Facebook page."
images/nzp_youtube_ltjs_-ULuA0.jpg,Glimpse of the Smithsonian's National Zoo's Panda Cub,title,nzp_youtube,"Sep 18, 2012",True,0.0444,https://www.youtube.com/watch?v=ltjs_-ULuA0,ltjs_-ULuA0,34,,"Smithsonian's National Zoo staff and Panda Cam watchers have gotten several quick glimpses of female giant panda Mei Xiang's cub.  In this video, Sept. 17. at about 8:35 p.m. EST, Mei Xiang cradles the newborn and gently picks it up in her mouth as she shifts position.  This is normal behavior and another sign that Mei Xiang is being an excellent mother to her new cub.  By using her mouth, Mei Xiang can very gently and dexterously position her cub on her body so that she is able to nurse and groom it.  The cub actively squirms and vocalizes loudly in response—two good signs that the cub is healthy! Keepers report that Mei Xiang is exhibiting excellent maternal behaviors. She is prompt to cradle and groom the cub, and there is evidence that it is successfully nursing. The Zoo will continue to diligently monitor both bears over the Panda Cam and minimize disturbances around their den."
images/nzp_youtube_Erlts7n64W0.jpg,Footage of giant panda birth at the Smithsonian's National Zoo,title,nzp_youtube,"Sep 17, 2012",True,0.0797,https://www.youtube.com/watch?v=Erlts7n64W0,Erlts7n64W0,1802,,"As panda cam watchers may have noticed: from Mei's behavior and the sounds we're hearing, we have a giant panda cub!

As far as we can tell, the cub was born at about 10:46 p.m. on September 16. According to chief veterinarian Suzan Murray:

""Mei Xiang is behaving exactly the same way she did when Tai Shan was born. She is cradling her cub closely , and she looks so tired, but every time she tries to lay down, the cub squawks and she sits right up and cradles the cub more closely. She is the poster child for a perfect panda mom.""

We believe there is only one cub. If the cub is to have a twin, we should know by sunrise.

For now, the only way animal care staff will monitor the cub is using the web cams. Our goal is for Mei Xiang to raise this cub naturally. With Tai Shan, it wasn't until he was about two weeks old that Mei walked away from him briefly and our veterinary team was able to give him a brief well-cub exam.

Keep your eyes on the panda cam and on our website and social media"
images/nzp_youtube_P-jIa8kChjk.jpg,Smithsonian's National Zoo Receives $4.5 Million for Giant Panda Program,title,nzp_youtube,"Dec 20, 2011",False,-0.0079,https://www.youtube.com/watch?v=P-jIa8kChjk,P-jIa8kChjk,130,,"David M. Rubenstein donated $4.5 million to the Smithsonian's National Zoo to fund the giant panda program for the next five years. The gift will be used to fund conservation efforts in China, reproductive science, professional training programs, giant panda care at the Zoo, upgrades to the Zoo habitats and public education. In appreciation, the giant panda complex—home to giant pandas Tian Tian (male) and Mei Xiang (female)—will be named the David M. Rubenstein Family Giant Panda Habitat. In addition, young conservation biologists in the U.S. and in China who are awarded National Zoo fellowships for their work to save this endangered species will be named ""David M. Rubenstein Fellows."""
images/nzp_youtube_M2C9gCixxnc.jpg,Happy Holiday from Panda Claws and Smithsonian's NZP!,title,nzp_youtube,"Dec 20, 2010",False,-0.0058,https://www.youtube.com/watch?v=M2C9gCixxnc,M2C9gCixxnc,87,,
images/nzp_youtube_E4gwjSXxHlQ.jpg,Zoo Vets: Working with Pandas,title,nzp_youtube,"Mar 24, 2010",False,0.0134,https://www.youtube.com/watch?v=E4gwjSXxHlQ,E4gwjSXxHlQ,171,,"Smithsonian Channel presents insights into the life of Suzan Murray, the National Zoo's chief veterinarian. Hear her—and a couple of other women at the Zoo—talk about working with giant pandas, and the importance of training and teamwork."
images/nzp_youtube_fmNmKv-E72I.jpg,Beloved Giant Panda Tai Shan Departs National Zoo for China,title,nzp_youtube,"Feb 5, 2010",False,0.0072,https://www.youtube.com/watch?v=fmNmKv-E72I,fmNmKv-E72I,178,,"On February 4, 2010, giant panda Tai Shan left the National Zoo for his new home at Bifengxia Panda Base in Yaan, Sichuan, China. The video was captured during his departure from the Zoo. Video credit: Ken DuPuis/Smithsonian Institution"
images/nzp_youtube_TYqHs_8UhLg.jpg,Panda Ultrasound,title,nzp_youtube,"Jan 6, 2009",False,0.0341,https://www.youtube.com/watch?v=TYqHs_8UhLg,TYqHs_8UhLg,49,,"Mei has an ultrasound to try to figure out if she's pregnant. This is why trianing is so important; Mei knows that she can come inside, lie down, and accept the ultrasound and she'll get rewards in the form of her favorite treats."
images/nzp_youtube_dfAIPmOsfqg.jpg,"#DCPandas: Giant Pandas Bao Li and Qing Bao Flirt at Smithsonian's National Zoo on Mar. 18, 2026",title,nzp_youtube,"Mar 27, 2026",True,0.0441,https://www.youtube.com/watch?v=dfAIPmOsfqg,dfAIPmOsfqg,58,,"Along with cherry blossoms blooming near the Tidal Basin, a sure sign of spring is when our giant panda pair, Bao Li and Qing Bao, begin to show interest in one another. The result is an adorable tutorial in how to flirt, panda-style. Learn how pandas slide into each other’s DMs in our latest panda update!  STORY: https://nationalzoo.si.edu/animals/ne...."
images/nzp_youtube_JIfQUl9agmI.jpg,Prepping for Pandas : A Giant Debut,title,nzp_youtube,"Jan 29, 2025",False,0.0023,https://www.youtube.com/watch?v=JIfQUl9agmI,JIfQUl9agmI,79,,"Bao Li and Qing Bao are adorable ambassadors for their species, and they represent so much more. They herald the next chapter of the Smithsonian’s legacy of caring for, conserving, breeding, studying, and connecting fans around the world with these rare animals. They demonstrate how friendship and partnership with Chinese colleagues can result in scientific breakthroughs that save species. And, they are beloved icons—a vibrant part of Washington, D.C.’s history and culture.  
. . . 
On Jan. 24, these #DCPandas made their public debut—and won the hearts of panda fans around the world. In our final episode of “Prepping for Pandas,” Smithsonian Secretary Lonnie Bunch, Zoo Director Brandie Smith, Washington, D.C. Mayor Muriel Bowser and Ambassador Xie Feng of the People’s Republic of China welcome panda fans back to the Zoo with a joyful cele-bear-ation in Bao Li and Qing Bao’s honor! 
. . .
Now through Feb. 9, don’t miss the District of Panda Party—a giant celebration filled with family-f"
images/nzp_youtube_5Wan5w2bcHU.jpg,#DCPandas: Prepping for Pandas: Panda Connection,title,nzp_youtube,"Jan 15, 2025",False,0.0108,https://www.youtube.com/watch?v=5Wan5w2bcHU,5Wan5w2bcHU,66,,"From births and first steps to munching bamboo and playtime in the snow, the Giant Panda Cam has given panda fans around the world a behind-the-scenes glimpse of the bears that call the Smithsonian’s National Zoo and Conservation Biology Institute home. 
. . .
In this week’s episode of “Prepping for Pandas,” Zoo Director Brandie Smith reflects on Giant Panda Cam moments that sparked pure panda joy, broke the internet and connected virtual viewers with nature. The Cam returns Jan. 24, just in time for Bao Li and Qing Bao’s public debut. Whether you’re planning to visit them in person or watch them online, we’re so excited for you to meet the #DCPandas! 
. . . 
PLAN YOUR VISIT: nationalzoo.si.edu/dcpandas."
images/nzp_youtube_-xw5QoN-1sA.jpg,Prepping for Pandas | Episode 5: The Big Move,title,nzp_youtube,"Dec 11, 2024",False,-0.048,https://www.youtube.com/watch?v=-xw5QoN-1sA,-xw5QoN-1sA,103,,"🐼✈️ How do you transport pandas halfway around the world? With an experienced pilot, a dedicated animal care crew and paperwork—lots and lots of paperwork.  
. . .
📝 Before Bao Li and Qing Bao boarded the “FedEx Panda Express,” Zoo registrar Jenn Donato ensured their travel plans and permits were in order. Thanks to Jenn, U.S. Fish and Wildlife Service and our transportation partners at FedEx, our extra-special delivery touched down safely Oct. 15. Follow their flight in this week’s episode of “Prepping for Pandas!”"
images/nzp_youtube_FKZkNSedsxE.jpg,"Prepping For Pandas: Home Renovation, Panda Edition",title,nzp_youtube,"Nov 27, 2024",False,-0.0579,https://www.youtube.com/watch?v=FKZkNSedsxE,FKZkNSedsxE,84,,"How do you design the perfect Zoo habitat for a panda? With plenty of space for playing, climbing, eating and splashing! 

In this week’s episode of “Prepping for Pandas,” we’re putting on our hardhats and heading into the construction zone with landscape architect Matt Sellers. Get a behind-the-scenes look at how our team designed Bao Li and Qing Bao’s habitats with the bears’ welfare in mind. 

🐾 Before the #DCPandas make their public debut, Zoo members can help them acclimate during a special preview Jan. 10 to 19! Reservations open mid-December. Join or Gift: nationalzoo.si.edu/membership.

Watch more episodes of ""Prepping for Pandas"" at nationalzoo.si.edu/dcpandas."
images/nzp_youtube_DbOm1V2nCV4.jpg,Prepping for Pandas: Continued Conservation,title,nzp_youtube,"Nov 13, 2024",False,0.0062,https://www.youtube.com/watch?v=DbOm1V2nCV4,DbOm1V2nCV4,106,,"How do scientists expand the amount of habitat available for giant pandas? One seedling at a time. In this week’s episode of “Prepping for Pandas,” follow Zoo scientist Mel Songer and partners into the China’s Qinling Mountains as they revisit a bamboo restoration plot originally planted in 2000. Together, they make an exciting discovery—panda poop— an encouraging sign the bears are using these forest corridors once again. 
 Follow #DCPandas for updates, and meet our pandas, Bao Li and Qing Bao, when they make their GIANT debut Jan. 24, 2025! LEARN MORE: https://nationalzoo.si.edu/dcpandas."
images/nzp_youtube_27G4Q_ckLRM.jpg,Prepping for Pandas: Meeting the Bears,title,nzp_youtube,"Oct 30, 2024",False,0.0002,https://www.youtube.com/watch?v=27G4Q_ckLRM,27G4Q_ckLRM,92,,"🎥🐼 Travel back in time in this week’s episode of “Prepping for Pandas!” In May 2024, our animal care team met Bao Li and Qing Bao for the first time. Join Zoo veterinarian Dr. James Steeil as he works with the bear pair’s keepers in China, learns about their personalities and preferences, and reflects on the conservation legacy of our giant panda family.
. . .
🐾 Follow #DCPandas for updates, and meet our pandas when they make their GIANT debut Jan. 24, 2025! LEARN MORE: https://nationalzoo.si.edu/dcpandas"
images/nzp_youtube_u9slQC9Zkvo.jpg,#PandaStory: Xiao Qi Ji Weaning,title,nzp_youtube,"Jan 26, 2023",True,0.0499,https://www.youtube.com/watch?v=u9slQC9Zkvo,u9slQC9Zkvo,59,,"Xiao Qi Ji is on a roll! The winter winds may blow chilly and cold, but they also bring out the sillies in our giant panda cub. On Jan. 19, the frisky 2.5-year-old tumbled around his outdoor habitat and showed off his unique somersault style.  

Solo play sessions such as this help our giant panda team evaluate how Xiao Qi Ji is adjusting to spending time apart from his mother, Mei Xiang. Keepers give them access to different habitats in the morning, then reunite them in the afternoon and evening. They have noticed that Mei Xiang appears to have less patience with Xiao Qi Ji’s rambunctious antics and will vocalize or chase him when she is not in the mood to play. As we have shared in previous #PandaStory updates, his growing confidence and comfortability with spending time alone are encouraging signs that he’s growing up and getting ready to be on his own."
images/nzp_youtube_6WF8zgsHiBM.jpg,"Xiao Qi Ji Live - January 27, 2021",title,nzp_youtube,"Streamed live on Jan 27, 2021",True,0.0409,https://www.youtube.com/watch?v=6WF8zgsHiBM,6WF8zgsHiBM,1461,,"Spend some quality time with giant panda cub Xiao Qi Ji in the first FREE livestream event broadcasting from inside the David M. Rubenstein Family Giant Panda Habitat on Wednesday, Jan. 27, from 1-1:15 p.m. ET.

In a mix of prerecorded and live segments, the panda team will take you behind the scenes at the Smithsonian’s National Zoo. You’ll experience an up-close, real-time look at Xiao Qi Ji as he walks, climbs, tumbles and explores his indoor habitat. See how the Panda Cams are operated, take a virtual tour of the panda house and get the answers to some of your most-asked questions.

Please note the length of time spent with Xiao Qi Ji during the livestream will be approximately 5 minutes. If you are unable to tune in, a video recording of the livestream event will be available post-broadcast."
images/nzp_youtube_FIHPpYaLK5g.jpg,#NatZooZen: Giant Panda Mei Xiang Eats Bamboo Shoots at Smithsonian's National Zoo,title,nzp_youtube,"May 12, 2020",True,0.033,https://www.youtube.com/watch?v=FIHPpYaLK5g,FIHPpYaLK5g,59,,"Every spring between late April and May, tender shoots of new bamboo sprout in the Washington, D.C. area. Smithsonian's National Zoo Asia Trail keepers feed as many shoots as possible to our giant pandas, Mei Xiang and Tian Tian, and our red pandas, Asa and Jackie. This time of year, they all prefer the shoots over some of their favorite summer, fall and winter foods. Giant pandas receive apples, pears and sweet potatoes; red pandas also receive apples as well as grapes."
images/nzp_youtube_N76v8RI_iUI.jpg,Bei Bei's Second Birthday!,title,nzp_youtube,"Aug 25, 2017",True,0.0534,https://www.youtube.com/watch?v=N76v8RI_iUI,N76v8RI_iUI,35,,"Giant panda Bei Bei  celebrated his second birthday Aug. 22, with a panda-friendly cake made by the department of nutrition at the Smithsonian's National Zoo. The cake was made primarily of frozen dilute juice, apples, pears, carrots, sweet potatoes and leaf-eater biscuits. Keepers also placed a birthday-themed enrichment box and several new Jolly Balls in Bei Bei's yard for him to enjoy."
images/nzp_youtube_viu1UgZ7gwM.jpg,"Tian Tian in the Snow Jan. 23, 2016",title,nzp_youtube,"Jan 23, 2016",False,0.024,https://www.youtube.com/watch?v=viu1UgZ7gwM,viu1UgZ7gwM,28,,"Jan. 23, 2016---Male giant panda Tian Tian (tee-YEN tee-YEN) woke up this morning to a lot of snow, and he was pretty excited about it. Giant pandas have thick woolly coats that keep them warm in the snowy mountains of China. #Blizzard2016"
images/nzp_youtube_6o9S9HnOWJE.jpg,Bao Bao Plays With a Bear-Sized Ice Cube,title,nzp_youtube,"Jun 29, 2015",True,0.0303,https://www.youtube.com/watch?v=6o9S9HnOWJE,6o9S9HnOWJE,15,,"June 23, 2015—From the panda cams: Bao Bao got a bear-sized ice cube as some special enrichment on this hot summer day, which she enjoyed trying to hang on to."
images/nzp_youtube_5lgpqvoicbI.jpg,#BaoBaoBday: What is a Zhuazhou?,title,nzp_youtube,"Aug 23, 2014",True,0.0315,https://www.youtube.com/watch?v=5lgpqvoicbI,5lgpqvoicbI,13,,"The National Zoo and the Embassy of the People’s Republic of China celebrated giant panda cub Bao Bao’s first birthday this morning with a Zhuazhou (dra-JO) ceremony. During a traditional Zhuazhou ceremony, symbolic objects are placed in front of a baby. The item that the baby reaches for first foretells something about his or her future. The Zhuazhou for Bao Bao was slightly modified for a panda cub. Three posters with symbols painted on them were placed in Bao Bao’s yard. Each poster had a different image, painted by students from the Sunshine School, affiliated with the Embassy of the People’s Republic of China and Friends of the National Zoo summer campers. Ambassador Cui Tiankai, Dennis Kelly, director of the National Zoo, and Brandie Smith, senior curator of mammals placed small honey treats (a new favorite treat of Bao Bao’s) under the posters. One poster had peaches painted on it; in China peaches are a symbol of longevity. The second poster had bamboo painted on it, representi"
images/nzp_youtube_RqSso6TA7Vs.jpg,#BaoBaoBday: Painting Zhuazhou posters,title,nzp_youtube,"Aug 23, 2014",False,-0.0579,https://www.youtube.com/watch?v=RqSso6TA7Vs,RqSso6TA7Vs,16,,"For the #BaoBaoBday celebration, students from the Sunshine School, affiliated with the Embassy of the People's Republic of China, and Friends of the National Zoo summer campers painted the posters that were placed in her yard for the Zhuazhou. She chose peaches during the Zhuazhou. Peaches are a symbol of longevity in China. Bao Bao will live a long life as an ambassador for panda conservation."
images/nzp_youtube_vGCsinAu8J4.jpg,#BaoBaoBday: Zhuazhou,title,nzp_youtube,"Aug 23, 2014",False,0.0155,https://www.youtube.com/watch?v=vGCsinAu8J4,vGCsinAu8J4,16,,"The National Zoo and the Embassy of the People’s Republic of China celebrated giant panda cub Bao Bao’s first birthday this morning with a Zhuazhou (dra-JO) ceremony. During a traditional Zhuazhou ceremony, symbolic objects are placed in front of a baby. The item that the baby reaches for first foretells something about his or her future. The Zhuazhou for Bao Bao was slightly modified for a panda cub. Three posters with symbols painted on them were placed in Bao Bao’s yard. Each poster had a different image, painted by students from the Sunshine School, affiliated with the Embassy of the People’s Republic of China and Friends of the National Zoo summer campers. Ambassador Cui Tiankai, Dennis Kelly, director of the National Zoo, and Brandie Smith, senior curator of mammals placed small honey treats (a new favorite treat of Bao Bao’s) under the posters. One poster had peaches painted on it; in China peaches are a symbol of longevity. The second poster had bamboo painted on it, representi"
images/nzp_youtube_u1aoccIXDoM.jpg,Bao Bao and Mei Xiang Enjoy a Fruitsicle on a Summer Day,title,nzp_youtube,"Jul 9, 2014",False,0.0092,https://www.youtube.com/watch?v=u1aoccIXDoM,u1aoccIXDoM,55,,"During the summer the giant pandas usually receive a refreshing fruitsicle treat every day. On July 6, 2014, Bao Bao and Mei Xiang each received one before shifting inside for the afternoon. Bao Bao's fruitsicle is much smaller than Mei's, but she is showing more interest in solid foods - especially fruitsicle treats."
images/nzp_youtube_Q18D2-Zqx94.jpg,"Happy 5th Birthday, Giant Panda Bao Li!",title,nzp_youtube,"Aug 4, 2026",False,-0.0037,https://www.youtube.com/watch?v=Q18D2-Zqx94,Q18D2-Zqx94,55,,"Dive into five! Giant panda Bao Li celebrated turning five with a shark-themed birthday bash this morning at Smithsonian’s National Zoo and Conservation Biology Institute. The “bearthday” boy enjoyed a special panda-friendly fruitsicle cake made by the Zoo’s Department of Nutrition Science as crowds gathered at the David M. Rubenstein Family Giant Panda Habitat.
 
Bao Li’s shark-themed party was inspired by a stripe of longer fur that runs down the middle of his back, which keepers affectionately call his “shark fin.” Using frozen diluted apple and pineapple juices, commissary keepers topped the multi-tiered cake with a gray shark fin. Bao Li removed all of the decorative elements—“minnows” carved from sweet potatoes, blueberry “bubbles,” a carrot carved into a palm tree with pineapple leaf fronds, and “sand” made of crushed leafeater biscuits—before sinking his teeth into the frozen cake tiers. He also chilled for a while with the cake against his belly.
 
 “We’re gonna need a bigger "
images/nzp_news_dfAIPmOsfqg.jpg,"Giant panda Bao Li (foreground) excitedly rolls, runs and shimmies when female Qing Bao pays him a visit at the ""howdy"" window.",figcaption,nzp_news,"Mar. 18, 2026",True,,https://nationalzoo.si.edu/animals/news/national-zoo-pandas-bao-li-qing-bao-spring-behavior,dfAIPmOsfqg,,Flirting Like a Panda: Spring Sparks for Bao Li and Qing Bao at National Zoo | Smithsonian's National Zoo and Conservation Biology Institute,
images/nzp_news_s-lxbWhtq40.jpg,"Giant pandas Bao Li and Qing Bao socialize at the ""howdy"" window on a snowy winter day.",figcaption,nzp_news,"Jan. 27, 2026",True,,https://nationalzoo.si.edu/animals/news/national-zoo-pandas-bao-li-qing-bao-spring-behavior,s-lxbWhtq40,,Flirting Like a Panda: Spring Sparks for Bao Li and Qing Bao at National Zoo | Smithsonian's National Zoo and Conservation Biology Institute,
images/nzp_news_IUjIau_d584.jpg,"Last year, Qing Bao reached peak estrus at the end of April. Turn the volume up to hear her vocalize at Bao Li!",figcaption,nzp_news,"April 28, 2025",True,,https://nationalzoo.si.edu/animals/news/national-zoo-pandas-bao-li-qing-bao-spring-behavior,IUjIau_d584,,Flirting Like a Panda: Spring Sparks for Bao Li and Qing Bao at National Zoo | Smithsonian's National Zoo and Conservation Biology Institute,
images/nzp_news_mIUB5a0MGlA.jpg,"Giant panda Qing Bao explores the David M. Rubenstein Family Giant Panda Habitat on Aug. 19, 2025.",figcaption,nzp_news,"Fri, 08/22/2025 - 09:36",False,,https://nationalzoo.si.edu/animals/news/dcpandas-preparing-pseudopregnancy,mIUB5a0MGlA,,#DCPandas: Preparing for Pseudopregnancy | Smithsonian's National Zoo and Conservation Biology Institute,
images/nzp_news_CIRrujeMihE.jpg,"Watch giant panda Qing Bao somersault, pounce and play with toys in her indoor habitat.",figcaption,nzp_news,"Fri, 05/16/2025 - 09:43",False,,https://nationalzoo.si.edu/animals/news/bleats-bonds-early-signs-affection-between-dcs-giant-pandas,CIRrujeMihE,,From Bleats to Bonds: Early Signs of Affection Between D.C.’s Giant Pandas | Smithsonian's National Zoo and Conservation Biology Institute,
images/nzp_news_lCblMCbhflI.jpg,Bao Li is on the move! Watch him splash and climb in his indoor habitat.,figcaption,nzp_news,"Fri, 05/16/2025 - 09:43",False,,https://nationalzoo.si.edu/animals/news/bleats-bonds-early-signs-affection-between-dcs-giant-pandas,lCblMCbhflI,,From Bleats to Bonds: Early Signs of Affection Between D.C.’s Giant Pandas | Smithsonian's National Zoo and Conservation Biology Institute,
images/nzp_news_gOAkkt3cOnE.jpg,Video courtesy of the China Conservation and Research Center for the Giant Panda.,figcaption,nzp_news,"Fri, 12/01/2023 - 12:28",False,,https://nationalzoo.si.edu/animals/news/pandastory-happy-homecoming,gOAkkt3cOnE,,#PandaStory: A Happy Homecoming | Smithsonian's National Zoo and Conservation Biology Institute,
images/nzp_news_XKNv0ZQhzPI.jpg,"Assistant curator of giant pandas Laurie Thompson took this video of Bao Bao and her son, Bao Li, enjoying bamboo shoots in China.",figcaption,nzp_news,"Fri, 12/01/2023 - 12:28",False,,https://nationalzoo.si.edu/animals/news/pandastory-happy-homecoming,XKNv0ZQhzPI,,#PandaStory: A Happy Homecoming | Smithsonian's National Zoo and Conservation Biology Institute,
images/nzp_posts_50-panda-facts-celebrate-50-years-giant-pandas-smithsonians-national-zoo_0.jpg,Giant panda cub Xiao Qi Ji climbs on logs in his outdoor habitat.,alt_text,nzp_posts,2022-03-15T16:14:28-04:00,False,0.0007,https://nationalzoo.si.edu/animals/news/50-panda-facts-celebrate-50-years-giant-pandas-smithsonians-national-zoo,,,50 Panda Facts to Celebrate 50 Years of Giant Pandas at the Smithsonian's National Zoo,
images/nzp_posts_bao-bao-all-feels-video_0.jpg,bao bao eating bamboo,alt_text,nzp_posts,2017-02-21T16:38:59-05:00,False,0.0033,https://nationalzoo.si.edu/animals/news/bao-bao-all-feels-video,,,Bao Bao: All the Feels Video,
images/nzp_posts_bao-bao-arrives-china_0.jpg,Giant panda Bao Bao sits and eats bamboo,alt_text,nzp_posts,2017-02-22T14:09:15-05:00,False,-0.0084,https://nationalzoo.si.edu/animals/news/bao-bao-arrives-china,,,Bao Bao Arrives in China,
images/nzp_posts_bao-bao-settling-her-new-home_0.jpg,Giant panda Bao Bao eating bamboo in China at the Dujiangyan panda base,alt_text,nzp_posts,2017-03-09T13:46:35-05:00,False,0.012,https://nationalzoo.si.edu/animals/news/bao-bao-settling-her-new-home,,,Bao Bao is Settling into Her New Home,
images/nzp_posts_bao-baos-new-yard_0.jpg,Bao Bao in her yard,alt_text,nzp_posts,2015-05-11T00:00:00-04:00,False,-0.0194,https://nationalzoo.si.edu/animals/news/bao-baos-new-yard,,,Bao Bao's New Yard,
images/nzp_posts_bao-li-qing-bao-and-secrets-summer-panda-life-smithsonians-national-zoo_1.jpg,Bao Li munches on an apple outside.,alt_text,nzp_posts,2025-07-31T10:13:26-04:00,False,-0.0239,https://nationalzoo.si.edu/animals/news/bao-li-qing-bao-and-secrets-summer-panda-life-smithsonians-national-zoo,,,"Bao Li, Qing Bao and the Secrets of Summer Panda Life at the Smithsonian’s National Zoo",
images/nzp_posts_bao-li-qing-bao-and-secrets-summer-panda-life-smithsonians-national-zoo_2.jpg,Qing Bao eats a pear.,alt_text,nzp_posts,2025-07-31T10:13:26-04:00,False,-0.0122,https://nationalzoo.si.edu/animals/news/bao-li-qing-bao-and-secrets-summer-panda-life-smithsonians-national-zoo,,,"Bao Li, Qing Bao and the Secrets of Summer Panda Life at the Smithsonian’s National Zoo",
images/nzp_posts_bao-li-qing-bao-and-secrets-summer-panda-life-smithsonians-national-zoo_3.jpg,Qing Bao eats a stalk of bamboo outside.,alt_text,nzp_posts,2025-07-31T10:13:26-04:00,False,-0.0137,https://nationalzoo.si.edu/animals/news/bao-li-qing-bao-and-secrets-summer-panda-life-smithsonians-national-zoo,,,"Bao Li, Qing Bao and the Secrets of Summer Panda Life at the Smithsonian’s National Zoo",
images/nzp_posts_behavior-watch-for-mei-xiang-begins_0.jpg,Mei Xiang,alt_text,nzp_posts,2017-09-08T16:52:24-04:00,False,-0.0245,https://nationalzoo.si.edu/animals/news/behavior-watch-for-mei-xiang-begins,,,Behavior Watch for Mei Xiang Begins,
images/nzp_posts_behavior-watch-mei-xiang-begins_0.jpg,Mei Xiang,alt_text,nzp_posts,2017-09-08T16:52:24-04:00,False,-0.0245,https://nationalzoo.si.edu/animals/news/behavior-watch-mei-xiang-begins,,,Behavior Watch for Mei Xiang Begins,
images/nzp_posts_behind-scenes-giant-panda-breeding-season_0.jpg,Giant panda,alt_text,nzp_posts,2018-03-19T16:39:54-04:00,False,-0.0233,https://nationalzoo.si.edu/animals/news/behind-scenes-giant-panda-breeding-season,,,Behind the Scenes of Giant Panda Breeding Season,
images/nzp_posts_behind-scenes-giant-panda-breeding-season_2.jpg,giant panda hormone assay,alt_text,nzp_posts,2018-03-19T16:39:54-04:00,False,-0.0408,https://nationalzoo.si.edu/animals/news/behind-scenes-giant-panda-breeding-season,,,Behind the Scenes of Giant Panda Breeding Season,
images/nzp_posts_bei-bei-becomes-more-independent_0.jpg,Bei Bei,alt_text,nzp_posts,2015-12-10T00:00:00-05:00,False,-0.0174,https://nationalzoo.si.edu/animals/news/bei-bei-becomes-more-independent,,,Bei Bei Becomes More Independent,
images/nzp_posts_bei-bei-getting-feisty_0.jpg,panda cub Bei Bei held by vets,alt_text,nzp_posts,2015-10-14T00:00:00-04:00,False,-0.0223,https://nationalzoo.si.edu/animals/news/bei-bei-getting-feisty,,,Bei Bei is Getting Feisty,
images/nzp_posts_bei-bei-has-settled-bifengxia-and-panda-team-back_0.jpg,Bei Bei in his hammock at the Bifengxia Panda Base.,alt_text,nzp_posts,2019-11-27T09:20:40-05:00,False,0.0123,https://nationalzoo.si.edu/animals/news/bei-bei-has-settled-bifengxia-and-panda-team-back,,,Bei Bei Has Settled in at Bifengxia and the Panda Team is Back!,
images/nzp_posts_bei-bei-has-settled-bifengxia-and-panda-team-back_1.jpg,Laurie Thompson and Don Neiffer with Zhang Haiqing at Bei Bei's welcome ceremony.,alt_text,nzp_posts,2019-11-27T09:20:40-05:00,False,-0.0327,https://nationalzoo.si.edu/animals/news/bei-bei-has-settled-bifengxia-and-panda-team-back,,,Bei Bei Has Settled in at Bifengxia and the Panda Team is Back!,
images/nzp_posts_bei-bei-has-settled-bifengxia-and-panda-team-back_2.jpg,Laurie Thompson at the welcome ceremony for Bei Bei.,alt_text,nzp_posts,2019-11-27T09:20:40-05:00,False,-0.0354,https://nationalzoo.si.edu/animals/news/bei-bei-has-settled-bifengxia-and-panda-team-back,,,Bei Bei Has Settled in at Bifengxia and the Panda Team is Back!,
images/nzp_posts_bei-bei-has-settled-bifengxia-and-panda-team-back_3.jpg,Laurie Thompson holding Bei Bei's red ball.,alt_text,nzp_posts,2019-11-27T09:20:40-05:00,False,-0.0229,https://nationalzoo.si.edu/animals/news/bei-bei-has-settled-bifengxia-and-panda-team-back,,,Bei Bei Has Settled in at Bifengxia and the Panda Team is Back!,
images/nzp_posts_bei-bei-plays-snow_0.jpg,Bei Bei,alt_text,nzp_posts,2018-11-16T11:47:58-05:00,False,-0.0348,https://nationalzoo.si.edu/animals/news/bei-bei-plays-snow,,,Bei Bei Plays in the Snow,
images/nzp_posts_bei-bei-reaches-new-heights_0.jpg,Mei and Bei Bei at the entrance to their enclosure,alt_text,nzp_posts,2016-02-12T00:00:00-05:00,False,0.0225,https://nationalzoo.si.edu/animals/news/bei-bei-reaches-new-heights,,,Bei Bei Reaches New Heights,
images/nzp_posts_bei-bei-recovering-bout-mucous-stools_0.jpg,Giant panda Bei Bei sitting in his outdoor hammock.,alt_text,nzp_posts,2019-07-17T10:31:04-04:00,False,-0.0248,https://nationalzoo.si.edu/animals/news/bei-bei-recovering-bout-mucous-stools,,,Bei Bei is Recovering From A Bout With Mucous Stools,
images/nzp_posts_bei-bei-recovers-surgery_0.jpg,giant panda bei bei in his habitat,alt_text,nzp_posts,2016-12-16T15:42:25-05:00,False,0.0113,https://nationalzoo.si.edu/animals/news/bei-bei-recovers-surgery,,,Bei Bei Recovers From Surgery,
images/nzp_posts_bei-bei-takes-his-first-steps_0.jpg,Bei Bei on a table,alt_text,nzp_posts,2015-11-12T00:00:00-05:00,False,-0.0133,https://nationalzoo.si.edu/animals/news/bei-bei-takes-his-first-steps,,,Bei Bei Takes His First Steps,
images/nzp_posts_bei-bei-turning-four_0.jpg,Bei Bei resting on a limb of a tree.,alt_text,nzp_posts,2019-08-20T11:48:51-04:00,False,-0.0436,https://nationalzoo.si.edu/animals/news/bei-bei-turning-four,,,Bei Bei is Turning Four!,
images/nzp_posts_bei-bei-update-november-2017_0.jpg,Bei Bei's veterinary exam,alt_text,nzp_posts,2017-11-29T00:00:00-05:00,False,-0.0645,https://nationalzoo.si.edu/animals/news/bei-bei-update-november-2017,,,Bei Bei Update: November 2017,
images/nzp_posts_bei-bei-update-november-2017_1.jpg,Bei Bei,alt_text,nzp_posts,2017-11-29T00:00:00-05:00,False,-0.0007,https://nationalzoo.si.edu/animals/news/bei-bei-update-november-2017,,,Bei Bei Update: November 2017,
images/nzp_posts_bei-bei-weaning_0.jpg,Bei Bei,alt_text,nzp_posts,2017-03-04T12:57:21-05:00,False,-0.0263,https://nationalzoo.si.edu/animals/news/bei-bei-weaning,,,Bei Bei is Weaning,
images/nzp_posts_bei-bei-weighs-95-pounds_0.jpg,Bei Bei in a plastic bin,alt_text,nzp_posts,2015-11-04T00:00:00-05:00,False,-0.0083,https://nationalzoo.si.edu/animals/news/bei-bei-weighs-95-pounds,,,Bei Bei Weighs 9.5 Pounds!,
images/nzp_posts_bei-beis-debut_0.jpg,Bei Bei in a box playing with balls,alt_text,nzp_posts,2016-01-21T00:00:00-05:00,False,-0.0115,https://nationalzoo.si.edu/animals/news/bei-beis-debut,,,Bei Bei's Debut,
images/nzp_posts_bei-beis-departure-faqs_0.jpg,giant panda bei bei holds a stick of bamboo and prepares to take a bite,alt_text,nzp_posts,2019-10-18T07:26:20-04:00,False,-0.0181,https://nationalzoo.si.edu/animals/news/bei-beis-departure-faqs,,,Bei Bei’s Departure FAQs,
images/nzp_posts_bei-beis-eyes-are-opening_0.jpg,Bei Bei,alt_text,nzp_posts,2015-10-07T00:00:00-04:00,False,0.0003,https://nationalzoo.si.edu/animals/news/bei-beis-eyes-are-opening,,,Bei Bei's Eyes are Opening,
images/nzp_posts_bei-beis-fourth-birthday-celebration_0.jpg,Giant panda Bei Bei sitting in his hammock.,alt_text,nzp_posts,2019-08-20T11:59:07-04:00,False,-0.0238,https://nationalzoo.si.edu/animals/news/bei-beis-fourth-birthday-celebration,,,Bei Bei’s Fourth Birthday Celebration,
images/nzp_posts_bei-beis-growing_0.jpg,Bei Bei,alt_text,nzp_posts,2016-11-21T12:41:24-05:00,False,-0.0189,https://nationalzoo.si.edu/animals/news/bei-beis-growing,,,Bei Bei's Growing Up,
images/nzp_posts_bei-beis-most-memorable-moments-zoo_0.jpg,Giant panda Bei Bei stands in the branches of a tree green with foliage,alt_text,nzp_posts,2019-11-08T11:58:46-05:00,False,-0.0289,https://nationalzoo.si.edu/animals/news/bei-beis-most-memorable-moments-zoo,,,Bei Bei’s Most Memorable Moments at the Zoo,
images/nzp_posts_bei-beis-most-memorable-moments-zoo_1.jpg,"Young giant panda cub Bei Bei experiences his first light dusting of snow in a small, behind-the-scenes area of the Smithsonian's National Zoo",alt_text,nzp_posts,2019-11-08T11:58:46-05:00,False,-0.0164,https://nationalzoo.si.edu/animals/news/bei-beis-most-memorable-moments-zoo,,,Bei Bei’s Most Memorable Moments at the Zoo,
images/nzp_posts_bei-beis-most-memorable-moments-zoo_2.jpg,Giant panda Mei Xiang selects the Zhuazhou symbolizing luck and friendship on behalf of Bei Bei,alt_text,nzp_posts,2019-11-08T11:58:46-05:00,True,0.0481,https://nationalzoo.si.edu/animals/news/bei-beis-most-memorable-moments-zoo,,,Bei Bei’s Most Memorable Moments at the Zoo,
images/nzp_posts_best-bao-bao-video_0.jpg,bao bao climbing over a log,alt_text,nzp_posts,2017-02-16T15:12:16-05:00,False,-0.0105,https://nationalzoo.si.edu/animals/news/best-bao-bao-video,,,Best of Bao Bao Video,
images/nzp_posts_bleats-bonds-early-signs-affection-between-dcs-giant-pandas_0.jpg,Giant panda Bao Li explores his outdoor habitat at the David M. Rubenstein Family Giant Panda Habitat. Credit: Roshan Patel/Smithsonian,alt_text,nzp_posts,2025-05-16T09:43:52-04:00,False,-0.0363,https://nationalzoo.si.edu/animals/news/bleats-bonds-early-signs-affection-between-dcs-giant-pandas,,,From Bleats to Bonds: Early Signs of Affection Between D.C.’s Giant Pandas,
images/nzp_posts_bleats-bonds-early-signs-affection-between-dcs-giant-pandas_1.jpg,Giant panda Qing Bao explored her outdoor habitat at the David M. Rubenstein Family Giant Panda Habitat. Credit: Roshan Patel/Smithsonian,alt_text,nzp_posts,2025-05-16T09:43:52-04:00,False,-0.0123,https://nationalzoo.si.edu/animals/news/bleats-bonds-early-signs-affection-between-dcs-giant-pandas,,,From Bleats to Bonds: Early Signs of Affection Between D.C.’s Giant Pandas,
images/nzp_posts_bleats-bonds-early-signs-affection-between-dcs-giant-pandas_2.jpg,Giant panda urine samples for Bao Li and Qing Bao. Credit: Laurie Thompson/Smithsonian,alt_text,nzp_posts,2025-05-16T09:43:52-04:00,False,-0.0154,https://nationalzoo.si.edu/animals/news/bleats-bonds-early-signs-affection-between-dcs-giant-pandas,,,From Bleats to Bonds: Early Signs of Affection Between D.C.’s Giant Pandas,
images/nzp_posts_bleats-bonds-early-signs-affection-between-dcs-giant-pandas_3.jpg,Giant pandas Qing Bao (left) and Bao Li (right) in their outdoor habitats. Credit: Roshan Patel/Smithsonian,alt_text,nzp_posts,2025-05-16T09:43:52-04:00,False,-0.0179,https://nationalzoo.si.edu/animals/news/bleats-bonds-early-signs-affection-between-dcs-giant-pandas,,,From Bleats to Bonds: Early Signs of Affection Between D.C.’s Giant Pandas,
images/nzp_posts_catching-pandas_0.jpg,Giant panda sitting in the snow,alt_text,nzp_posts,2019-01-30T12:08:09-05:00,False,0.018,https://nationalzoo.si.edu/animals/news/catching-pandas,,,Catching Up With the Pandas,
images/nzp_posts_celebrating-national-panda-day_0.jpg,Female giant panda Mei Xiang surveys her yard at the David M. Rubenstein Family Giant Panda Habitat.,alt_text,nzp_posts,2020-03-16T07:30:58-04:00,False,-0.0235,https://nationalzoo.si.edu/animals/news/celebrating-national-panda-day,,,Celebrating National Panda Day,
images/nzp_posts_celebrating-national-panda-day_1.jpg,Male giant panda Tian Tian with a spool toy (background) and a nose-it puzzle feeder (foreground).,alt_text,nzp_posts,2020-03-16T07:30:58-04:00,False,-0.0136,https://nationalzoo.si.edu/animals/news/celebrating-national-panda-day,,,Celebrating National Panda Day,
images/nzp_posts_celebrating-national-panda-day_2.jpg,Mei Xiang gets a little help from gravity with her enrichment!,alt_text,nzp_posts,2020-03-16T07:30:58-04:00,False,-0.0338,https://nationalzoo.si.edu/animals/news/celebrating-national-panda-day,,,Celebrating National Panda Day,
images/nzp_posts_celebrating-national-panda-day_4.jpg,Keeper Marty Dearie asks giant panda Mei Xiang to lay on her side for an ultrasound.,alt_text,nzp_posts,2020-03-16T07:30:58-04:00,False,-0.0183,https://nationalzoo.si.edu/animals/news/celebrating-national-panda-day,,,Celebrating National Panda Day,
images/nzp_posts_celebrating-national-panda-day_7.jpg,"In August 2019, Tian Tian turned 22, and our Nutrition team made an amazing cake.",alt_text,nzp_posts,2020-03-16T07:30:58-04:00,False,,https://nationalzoo.si.edu/animals/news/celebrating-national-panda-day,,,Celebrating National Panda Day,
images/nzp_posts_come-giant-panda-housewarming-party_0.jpg,Giant panda Tian Tian plays in the snow.,alt_text,nzp_posts,2019-02-14T09:38:10-05:00,False,-0.033,https://nationalzoo.si.edu/animals/news/come-giant-panda-housewarming-party,,,Come to the Giant Panda Housewarming Party,
images/nzp_posts_cub-born_0.jpg,Still from Pandacam of Mei Xiang giving birth,alt_text,nzp_posts,2015-08-22T00:00:00-04:00,True,0.0605,https://nationalzoo.si.edu/animals/news/cub-born,,,A Cub is Born!,
images/nzp_posts_day-life-giant-panda-keeper_0.jpg,Bei Bei in the Sun,alt_text,nzp_posts,2019-11-08T11:22:41-05:00,False,0.0171,https://nationalzoo.si.edu/animals/news/day-life-giant-panda-keeper,,,A Day in the Life of a Giant Panda Keeper,
images/nzp_posts_day-life-giant-panda-keeper_1.jpg,Giant Panda Mei Xiang asleep on the Panda Cam,alt_text,nzp_posts,2019-11-08T11:22:41-05:00,True,0.0461,https://nationalzoo.si.edu/animals/news/day-life-giant-panda-keeper,,,A Day in the Life of a Giant Panda Keeper,
images/nzp_posts_day-life-giant-panda-keeper_3.jpg,Mei Xiang Nose-It Feeder,alt_text,nzp_posts,2019-11-08T11:22:41-05:00,False,-0.0218,https://nationalzoo.si.edu/animals/news/day-life-giant-panda-keeper,,,A Day in the Life of a Giant Panda Keeper,
images/nzp_posts_day-life-giant-panda-keeper_4.jpg,Bei Bei Training Session,alt_text,nzp_posts,2019-11-08T11:22:41-05:00,False,-0.0001,https://nationalzoo.si.edu/animals/news/day-life-giant-panda-keeper,,,A Day in the Life of a Giant Panda Keeper,
images/nzp_posts_day-life-giant-panda-keeper_5.jpg,Collecting Panda Urine Samples,alt_text,nzp_posts,2019-11-08T11:22:41-05:00,False,-0.0183,https://nationalzoo.si.edu/animals/news/day-life-giant-panda-keeper,,,A Day in the Life of a Giant Panda Keeper,
images/nzp_posts_day-life-giant-panda-keeper_6.jpg,Panda urine sample,alt_text,nzp_posts,2019-11-08T11:22:41-05:00,False,,https://nationalzoo.si.edu/animals/news/day-life-giant-panda-keeper,,,A Day in the Life of a Giant Panda Keeper,
images/nzp_posts_day-life-giant-panda-keeper_7.jpg,Panda Enclosure Setup,alt_text,nzp_posts,2019-11-08T11:22:41-05:00,False,,https://nationalzoo.si.edu/animals/news/day-life-giant-panda-keeper,,,A Day in the Life of a Giant Panda Keeper,
images/nzp_posts_day-life-giant-panda-keeper_8.jpg,Bei Bei Hammock,alt_text,nzp_posts,2019-11-08T11:22:41-05:00,False,,https://nationalzoo.si.edu/animals/news/day-life-giant-panda-keeper,,,A Day in the Life of a Giant Panda Keeper,
images/nzp_posts_day-life-giant-panda-keeper_9.jpg,Cooking sweet potatoes for giant pandas,alt_text,nzp_posts,2019-11-08T11:22:41-05:00,False,,https://nationalzoo.si.edu/animals/news/day-life-giant-panda-keeper,,,A Day in the Life of a Giant Panda Keeper,
images/nzp_posts_day-life-giant-panda-keeper_10.jpg,Bei Bei in the Sun,alt_text,nzp_posts,2019-11-08T11:22:41-05:00,False,,https://nationalzoo.si.edu/animals/news/day-life-giant-panda-keeper,,,A Day in the Life of a Giant Panda Keeper,
images/nzp_posts_day-life-giant-panda-keeper_11.jpg,Bei Bei eating sugar cane,alt_text,nzp_posts,2019-11-08T11:22:41-05:00,False,,https://nationalzoo.si.edu/animals/news/day-life-giant-panda-keeper,,,A Day in the Life of a Giant Panda Keeper,
images/nzp_posts_day-life-giant-panda-keeper_12.jpg,Panda bamboo shed,alt_text,nzp_posts,2019-11-08T11:22:41-05:00,False,,https://nationalzoo.si.edu/animals/news/day-life-giant-panda-keeper,,,A Day in the Life of a Giant Panda Keeper,
images/nzp_posts_day-life-giant-panda-keeper_13.jpg,Bei Bei with Bamboo,alt_text,nzp_posts,2019-11-08T11:22:41-05:00,False,,https://nationalzoo.si.edu/animals/news/day-life-giant-panda-keeper,,,A Day in the Life of a Giant Panda Keeper,
images/nzp_posts_day-life-giant-panda-keeper_14.jpg,Panda yard clean-up,alt_text,nzp_posts,2019-11-08T11:22:41-05:00,False,,https://nationalzoo.si.edu/animals/news/day-life-giant-panda-keeper,,,A Day in the Life of a Giant Panda Keeper,
images/nzp_posts_dcpandas-bears-and-bleats_0.jpg,Giant panda Bao Li explores his outdoor habitat at the David M. Rubenstein Family Giant Panda Habitat. Credit: Roshan Patel/Smithsonian,alt_text,nzp_posts,2025-05-16T09:43:52-04:00,False,-0.0363,https://nationalzoo.si.edu/animals/news/dcpandas-bears-and-bleats,,,From Bleats to Bonds: Early Signs of Affection Between D.C.’s Giant Pandas,
images/nzp_posts_dcpandas-bears-and-bleats_1.jpg,Giant panda Qing Bao explored her outdoor habitat at the David M. Rubenstein Family Giant Panda Habitat. Credit: Roshan Patel/Smithsonian,alt_text,nzp_posts,2025-05-16T09:43:52-04:00,False,-0.0123,https://nationalzoo.si.edu/animals/news/dcpandas-bears-and-bleats,,,From Bleats to Bonds: Early Signs of Affection Between D.C.’s Giant Pandas,
images/nzp_posts_dcpandas-bears-and-bleats_2.jpg,Giant panda urine samples for Bao Li and Qing Bao. Credit: Laurie Thompson/Smithsonian,alt_text,nzp_posts,2025-05-16T09:43:52-04:00,False,-0.0154,https://nationalzoo.si.edu/animals/news/dcpandas-bears-and-bleats,,,From Bleats to Bonds: Early Signs of Affection Between D.C.’s Giant Pandas,
images/nzp_posts_dcpandas-bears-and-bleats_3.jpg,Giant pandas Qing Bao (left) and Bao Li (right) in their outdoor habitats. Credit: Roshan Patel/Smithsonian,alt_text,nzp_posts,2025-05-16T09:43:52-04:00,False,-0.0179,https://nationalzoo.si.edu/animals/news/dcpandas-bears-and-bleats,,,From Bleats to Bonds: Early Signs of Affection Between D.C.’s Giant Pandas,
images/nzp_posts_dcpandas-happy-4th-birthday-qing-bao_0.jpg,Giant panda Qing Bao celebrates her 4th birthday at Smithsonian's National Zoo and Conservation Biology Institute. Credit: Roshan Patel/Smithsonian,alt_text,nzp_posts,2025-09-12T11:13:31-04:00,False,-0.011,https://nationalzoo.si.edu/animals/news/dcpandas-happy-4th-birthday-qing-bao,,,"#DCPandas: Happy 4th Birthday, Qing Bao!",
images/nzp_posts_dcpandas-happy-4th-birthday-qing-bao_1.jpg,Giant panda Qing Bao celebrates her 4th birthday at Smithsonian's National Zoo and Conservation Biology Institute. Credit: Roshan Patel/Smithsonian,alt_text,nzp_posts,2025-09-12T11:13:31-04:00,False,0.0251,https://nationalzoo.si.edu/animals/news/dcpandas-happy-4th-birthday-qing-bao,,,"#DCPandas: Happy 4th Birthday, Qing Bao!",
images/nzp_posts_dcpandas-preparing-pseudopregnancy_0.jpg,Giant panda Qing Bao explores her habitat at Smithsonian's National Zoo and Conservation Biology Institute. Credit: Roshan Patel/Smithsonian,alt_text,nzp_posts,2025-08-22T09:36:57-04:00,False,-0.021,https://nationalzoo.si.edu/animals/news/dcpandas-preparing-pseudopregnancy,,,#DCPandas: Preparing for Pseudopregnancy,
images/nzp_posts_dcpandas-preparing-pseudopregnancy_1.jpg,Qing Bao eats a pear.,alt_text,nzp_posts,2025-08-22T09:36:57-04:00,False,-0.0122,https://nationalzoo.si.edu/animals/news/dcpandas-preparing-pseudopregnancy,,,#DCPandas: Preparing for Pseudopregnancy,
images/nzp_posts_dcpandas-spring-brings-sparks-between-bao-li-and-qing-bao_1.jpg,"Giant panda Bao Li rubs his back on the ""howdy"" window.",alt_text,nzp_posts,2026-03-27T08:54:01-04:00,False,0.0051,https://nationalzoo.si.edu/animals/news/dcpandas-spring-brings-sparks-between-bao-li-and-qing-bao,,,Flirting Like a Panda: Spring Sparks for Bao Li and Qing Bao at National Zoo,
images/nzp_posts_dcpandas-spring-brings-sparks-between-bao-li-and-qing-bao_4.jpg,"Giant panda Qing Bao climbs a tree in her outdoor habitat on Nov. 1, 2025. Credit: Kaitlyn Adkins/Smithsonian",alt_text,nzp_posts,2026-03-27T08:54:01-04:00,False,0.0012,https://nationalzoo.si.edu/animals/news/dcpandas-spring-brings-sparks-between-bao-li-and-qing-bao,,,Flirting Like a Panda: Spring Sparks for Bao Li and Qing Bao at National Zoo,
images/nzp_posts_decade-adorable-giant-panda-cam-moments_0.jpg,Bei Bei in the Sun,alt_text,nzp_posts,2022-04-01T12:14:03-04:00,False,0.0171,https://nationalzoo.si.edu/animals/news/decade-adorable-giant-panda-cam-moments,,,A Decade of Adorable Giant Panda Cam Moments,
images/nzp_posts_eat-panda-make-your-own-fruitsicle_0.jpg,Giant panda Tian Tian eats a cake-shaped fruitsicle for his birthday.,alt_text,nzp_posts,2023-07-17T14:01:01-04:00,False,-0.0363,https://nationalzoo.si.edu/animals/news/eat-panda-make-your-own-fruitsicle,,,Eat Like a Panda: Make Your Own Fruitsicle!,
images/nzp_posts_giant-panda-bei-bei-celebrates-his-third-birthday_0.jpg,Bei Bei turns three years old.,alt_text,nzp_posts,2018-08-22T11:52:24-04:00,False,0.0151,https://nationalzoo.si.edu/animals/news/giant-panda-bei-bei-celebrates-his-third-birthday,,,Giant Panda Bei Bei Celebrates His Third Birthday,
images/nzp_posts_giant-panda-bei-bei-celebrates-his-third-birthday_1.jpg,Giant panda Bei Bei turns three.,alt_text,nzp_posts,2018-08-22T11:52:24-04:00,False,0.0067,https://nationalzoo.si.edu/animals/news/giant-panda-bei-bei-celebrates-his-third-birthday,,,Giant Panda Bei Bei Celebrates His Third Birthday,
images/nzp_posts_giant-panda-bei-bei-celebrates-his-third-birthday_2.jpg,Bei Bei celebrates his birthday with a special cake at the Smithsonian's National Zoo.,alt_text,nzp_posts,2018-08-22T11:52:24-04:00,False,0.0158,https://nationalzoo.si.edu/animals/news/giant-panda-bei-bei-celebrates-his-third-birthday,,,Giant Panda Bei Bei Celebrates His Third Birthday,
images/nzp_posts_giant-panda-breeding-season-almost-here_0.jpg,Tian Tian Eating Bamboo,alt_text,nzp_posts,2017-03-23T09:57:11-04:00,False,-0.0421,https://nationalzoo.si.edu/animals/news/giant-panda-breeding-season-almost-here,,,Giant Panda Breeding Season is Almost Here,
images/nzp_posts_giant-panda-cub-packing-grams_0.jpg,Giant panda cub asleep,alt_text,nzp_posts,2015-09-09T00:00:00-04:00,False,0.0028,https://nationalzoo.si.edu/animals/news/giant-panda-cub-packing-grams,,,Giant Panda Cub is Packing on the Grams,
images/nzp_posts_giant-panda-cub-weaning-faq_0.jpg,Giant panda Bei Bei rests and eats bamboo on a rock in his indoor habitat,alt_text,nzp_posts,2017-03-15T11:02:48-04:00,False,0.0122,https://nationalzoo.si.edu/animals/news/giant-panda-cub-weaning-faq,,,Giant Panda Cub Weaning FAQ,
images/nzp_posts_giant-panda-mei-update-sep-26-2013_0.jpg,cub nestled against mother's face,alt_text,nzp_posts,2013-09-26T00:00:00-04:00,True,0.0482,https://nationalzoo.si.edu/animals/news/giant-panda-mei-update-sep-26-2013,,,"Giant panda Mei Update Sep 26, 2013",
images/nzp_posts_giant-panda-paternity-update-sep-4-2013_0.jpg,Tian Tian the giant panda,alt_text,nzp_posts,2013-09-04T00:00:00-04:00,False,-0.0213,https://nationalzoo.si.edu/animals/news/giant-panda-paternity-update-sep-4-2013,,,"Giant Panda Paternity Update Sep 4, 2013",
images/nzp_posts_giant-panda-paternity-update-sep-4-2013_1.jpg,Giant Panda swab extract,alt_text,nzp_posts,2013-09-04T00:00:00-04:00,False,-0.0473,https://nationalzoo.si.edu/animals/news/giant-panda-paternity-update-sep-4-2013,,,"Giant Panda Paternity Update Sep 4, 2013",
images/nzp_posts_giant-panda-qing-bao-gets-checkup_0.jpg,"Giant panda Qing Bao climbs a tree in her outdoor habitat on Nov. 1, 2025. Credit: Kaitlyn Adkins/Smithsonian",alt_text,nzp_posts,2025-11-15T08:01:01-05:00,False,0.0012,https://nationalzoo.si.edu/animals/news/giant-panda-qing-bao-gets-checkup,,,Giant Panda Qing Bao Gets a Checkup,
images/nzp_posts_giant-panda-status-upgraded-endangered-vulnerable_0.jpg,Giant Panda Bei Bei,alt_text,nzp_posts,2016-09-07T14:51:50-04:00,False,-0.0209,https://nationalzoo.si.edu/animals/news/giant-panda-status-upgraded-endangered-vulnerable,,,"Giant Panda Status Upgraded from ""Endangered"" to ""Vulnerable""",
images/nzp_posts_giant-panda-status-upgraded-endangered-vulnerable_1.jpg,Mei Xiang and Bei Bei,alt_text,nzp_posts,2016-09-07T14:51:50-04:00,False,-0.03,https://nationalzoo.si.edu/animals/news/giant-panda-status-upgraded-endangered-vulnerable,,,"Giant Panda Status Upgraded from ""Endangered"" to ""Vulnerable""",
images/nzp_posts_giant-panda-update-apr-30-2013_0.jpg,panda walks around tree,alt_text,nzp_posts,2013-04-30T00:00:00-04:00,False,-0.0361,https://nationalzoo.si.edu/animals/news/giant-panda-update-apr-30-2013,,,"Giant panda Update Apr 30, 2013",
images/nzp_posts_giant-panda-update-aug-30-2015_0.jpg,Mei Xiang and cub,alt_text,nzp_posts,2015-08-30T00:00:00-04:00,True,0.0648,https://nationalzoo.si.edu/animals/news/giant-panda-update-aug-30-2015,,,"Giant Panda Update Aug 30, 2015",
images/nzp_posts_giant-panda-update-bamboo-shoots-training-chutes_0.jpg,Giant panda Mei Xiang at the David M. Rubenstein Family Giant Panda Habitat.,alt_text,nzp_posts,2020-07-20T13:01:01-04:00,False,-0.0121,https://nationalzoo.si.edu/animals/news/giant-panda-update-bamboo-shoots-training-chutes,,,Giant Panda Update: From Bamboo Shoots to Training Chutes,
images/nzp_posts_giant-panda-update-bamboo-shoots-training-chutes_1.jpg,Tian Tian relaxes in the shade at the giant panda habitat.,alt_text,nzp_posts,2020-07-20T13:01:01-04:00,False,0.0122,https://nationalzoo.si.edu/animals/news/giant-panda-update-bamboo-shoots-training-chutes,,,Giant Panda Update: From Bamboo Shoots to Training Chutes,
images/nzp_posts_giant-panda-update-bamboo-shoots-training-chutes_2.jpg,Giant panda Mei Xiang shakes treats out of a puzzle feeder.,alt_text,nzp_posts,2020-07-20T13:01:01-04:00,False,-0.0351,https://nationalzoo.si.edu/animals/news/giant-panda-update-bamboo-shoots-training-chutes,,,Giant Panda Update: From Bamboo Shoots to Training Chutes,
images/nzp_posts_giant-panda-update-bamboo-shoots-training-chutes_3.jpg,Female giant panda Mei Xiang surveys her yard at the David M. Rubenstein Family Giant Panda Habitat.,alt_text,nzp_posts,2020-07-20T13:01:01-04:00,False,-0.0216,https://nationalzoo.si.edu/animals/news/giant-panda-update-bamboo-shoots-training-chutes,,,Giant Panda Update: From Bamboo Shoots to Training Chutes,
images/nzp_posts_giant-panda-update-dec-1-2015-news-whole-family_0.jpg,Bei Bei face down on a blue table cloth,alt_text,nzp_posts,2015-12-01T00:00:00-05:00,False,-0.0334,https://nationalzoo.si.edu/animals/news/giant-panda-update-dec-1-2015-news-whole-family,,,"Giant Panda Update Dec. 1, 2015: News on the Whole Family",
images/nzp_posts_giant-panda-update-jul-9-2013_0.jpg,person monitoring the giant pandas on video screens,alt_text,nzp_posts,2013-07-09T00:00:00-04:00,False,-0.0313,https://nationalzoo.si.edu/animals/news/giant-panda-update-jul-9-2013,,,"Giant Panda Update Jul 9, 2013",
images/nzp_posts_giant-panda-update-may-17-2013_0.jpg,keeper with giant panda,alt_text,nzp_posts,2013-05-17T00:00:00-04:00,False,-0.0227,https://nationalzoo.si.edu/animals/news/giant-panda-update-may-17-2013,,,"Giant Panda Update May 17, 2013",
images/nzp_posts_giant-panda-update-new-treat_0.jpg,giant panda Bao Bao with corn stalk,alt_text,nzp_posts,2016-09-23T00:00:00-04:00,False,-0.018,https://nationalzoo.si.edu/animals/news/giant-panda-update-new-treat,,,Giant Panda Update: A New Treat,
images/nzp_posts_giant-panda-update-nov-5-2013_0.jpg,name the panda cub logo,alt_text,nzp_posts,2013-11-05T00:00:00-05:00,False,0.0085,https://nationalzoo.si.edu/animals/news/giant-panda-update-nov-5-2013,,,"Giant panda Update Nov 5, 2013",
images/nzp_posts_giant-panda-update-oct-30-2013_0.jpg,panda cub being examined,alt_text,nzp_posts,2013-10-30T00:00:00-04:00,False,-0.0255,https://nationalzoo.si.edu/animals/news/giant-panda-update-oct-30-2013,,,"Giant Panda Update Oct 30, 2013",
images/nzp_posts_giant-panda-update-panda-house-closed-for-pregnancy-or-pseudopregnancy_0.jpg,Giant panda Mei Xiang lays down voluntarily for keepers and veterinary staff to conduct an ultrasound,alt_text,nzp_posts,2018-06-24T16:35:41-04:00,False,-0.0154,https://nationalzoo.si.edu/animals/news/giant-panda-update-panda-house-closed-for-pregnancy-or-pseudopregnancy,,,Giant Panda Update: Panda House Closed for Pregnancy or Pseudopregnancy,
images/nzp_posts_giant-panda-update-panda-house-closed-pregnancy-or-pseudopregnancy_0.jpg,Giant panda Mei Xiang lays down voluntarily for keepers and veterinary staff to conduct an ultrasound,alt_text,nzp_posts,2018-06-24T16:35:41-04:00,False,-0.0154,https://nationalzoo.si.edu/animals/news/giant-panda-update-panda-house-closed-pregnancy-or-pseudopregnancy,,,Giant Panda Update: Panda House Closed for Pregnancy or Pseudopregnancy,
images/nzp_posts_giant-panda-update-sep-17-2013_0.jpg,giant panda cub gets examined,alt_text,nzp_posts,2013-09-17T00:00:00-04:00,False,-0.0289,https://nationalzoo.si.edu/animals/news/giant-panda-update-sep-17-2013,,,"Giant Panda Update Sep 17, 2013",
images/nzp_posts_giant-pandas-land-safely-china_0.jpg,"The Zoo team that cared for the bears on their journey to China posing next to the three specialized travel crates containing Mei Xiang, Tian Tian and Xiao Qi Ji.",alt_text,nzp_posts,2023-11-09T13:31:22-05:00,False,-0.0727,https://nationalzoo.si.edu/animals/news/giant-pandas-land-safely-china,,,Giant Pandas Land Safely in China,
images/nzp_posts_giant-pandas-land-safely-china_1.jpg,"Assistant curator Laurie Thompson, keeper Mariel Lally and veterinarian James Steeil in the FedEx plane in front of giant pandas Tian Tian, Mei Xiang and Xiao Qi Ji.",alt_text,nzp_posts,2023-11-09T13:31:22-05:00,False,-0.0708,https://nationalzoo.si.edu/animals/news/giant-pandas-land-safely-china,,,Giant Pandas Land Safely in China,
images/nzp_posts_giant-pandas-land-safely-china_2.jpg,"Keeper Mariel Lally checks up on the giant pandas on the FedEx flight from Dulles International Airport to Chengdu, China.",alt_text,nzp_posts,2023-11-09T13:31:22-05:00,False,-0.0746,https://nationalzoo.si.edu/animals/news/giant-pandas-land-safely-china,,,Giant Pandas Land Safely in China,
images/nzp_posts_giant-pandas-land-safely-china_3.jpg,Black and white giant panda Xiao Qi Ji eating a frozen fruitsicle inside a white travel crate made of steel and plexiglass.,alt_text,nzp_posts,2023-11-09T13:31:22-05:00,False,0.0189,https://nationalzoo.si.edu/animals/news/giant-pandas-land-safely-china,,,Giant Pandas Land Safely in China,
images/nzp_posts_giant-pandas-land-safely-china_4.jpg,Black and white giant panda adult female giant panda Mei Xiang eating a frozen fruitsicle inside a white travel crate made of steel and plexiglass.,alt_text,nzp_posts,2023-11-09T13:31:22-05:00,False,-0.0338,https://nationalzoo.si.edu/animals/news/giant-pandas-land-safely-china,,,Giant Pandas Land Safely in China,
images/nzp_posts_giant-pandas-land-safely-china_5.jpg,Black and white adult male giant panda Tian Tian eats a frozen fruitsicle inside a white travel crate made of steel and plexiglass.,alt_text,nzp_posts,2023-11-09T13:31:22-05:00,False,-0.0023,https://nationalzoo.si.edu/animals/news/giant-pandas-land-safely-china,,,Giant Pandas Land Safely in China,
images/nzp_posts_giant-pandas-summertime_0.jpg,Bei Bei,alt_text,nzp_posts,2017-07-21T10:39:52-04:00,False,-0.0048,https://nationalzoo.si.edu/animals/news/giant-pandas-summertime,,,Giant Pandas in Summertime,
images/nzp_posts_giant-pandas-summertime_1.jpg,Mei Xiang,alt_text,nzp_posts,2017-07-21T10:39:52-04:00,False,0.0032,https://nationalzoo.si.edu/animals/news/giant-pandas-summertime,,,Giant Pandas in Summertime,
images/nzp_posts_giant-pandas-summertime_2.jpg,Tian Tian,alt_text,nzp_posts,2017-07-21T10:39:52-04:00,False,-0.014,https://nationalzoo.si.edu/animals/news/giant-pandas-summertime,,,Giant Pandas in Summertime,
images/nzp_posts_giant-pandas-winter_0.jpg,Making biscuits for Tian Tian,alt_text,nzp_posts,2017-12-19T16:01:02-05:00,False,-0.0465,https://nationalzoo.si.edu/animals/news/giant-pandas-winter,,,Giant Pandas in Winter,
images/nzp_posts_giant-pandas-winter_1.jpg,Biscuits for Tian Tian,alt_text,nzp_posts,2017-12-19T16:01:02-05:00,False,-0.0369,https://nationalzoo.si.edu/animals/news/giant-pandas-winter,,,Giant Pandas in Winter,
images/nzp_posts_happy-first-birthday-bei-bei_0.jpg,Mei Xiang with Zhuazhou poster for luck and friendship,alt_text,nzp_posts,2016-08-20T00:00:00-04:00,True,0.0489,https://nationalzoo.si.edu/animals/news/happy-first-birthday-bei-bei,,,Happy First Birthday Bei Bei!,
images/nzp_posts_happy-first-birthday-xiao-qi-ji_0.jpg,Giant panda cub Xiao Qi Ji sits atop the indoor rockwork eating an apple.,alt_text,nzp_posts,2021-08-06T16:46:19-04:00,False,-0.0102,https://nationalzoo.si.edu/animals/news/happy-first-birthday-xiao-qi-ji,,,"Happy First Birthday, Xiao Qi Ji!",
images/nzp_posts_happy-first-birthday-xiao-qi-ji_1.jpg,A giant panda cub stands in an area covered in a light dusting of snow and some scattered bamboo leaves.,alt_text,nzp_posts,2021-08-06T16:46:19-04:00,False,-0.0018,https://nationalzoo.si.edu/animals/news/happy-first-birthday-xiao-qi-ji,,,"Happy First Birthday, Xiao Qi Ji!",
images/nzp_posts_happy-first-birthday-xiao-qi-ji_2.jpg,"Giant panda cub Xiao Qi Ji touches his nose to a ""target"" training tool, held by assistant curator of giant pandas Laurie Thompson.",alt_text,nzp_posts,2021-08-06T16:46:19-04:00,False,0.0066,https://nationalzoo.si.edu/animals/news/happy-first-birthday-xiao-qi-ji,,,"Happy First Birthday, Xiao Qi Ji!",
images/nzp_posts_happy-first-birthday-xiao-qi-ji_3.jpg,Giant panda Mei Xiang and her son Xiao Qi Ji stand on a scale in a chute that connects the bears' indoor and outdoor habitats.,alt_text,nzp_posts,2021-08-06T16:46:19-04:00,False,0.012,https://nationalzoo.si.edu/animals/news/happy-first-birthday-xiao-qi-ji,,,"Happy First Birthday, Xiao Qi Ji!",
images/nzp_posts_happy-first-birthday-xiao-qi-ji_4.jpg,Giant panda cub Xiao Qi Ji sits atop the rockwork eating an apple.,alt_text,nzp_posts,2021-08-06T16:46:19-04:00,False,-0.0007,https://nationalzoo.si.edu/animals/news/happy-first-birthday-xiao-qi-ji,,,"Happy First Birthday, Xiao Qi Ji!",
images/nzp_posts_happy-lunar-new-year-2018-bei-bei_0.jpg,giant panda bei bei eating bamboo,alt_text,nzp_posts,2018-02-16T13:03:23-05:00,False,0.0209,https://nationalzoo.si.edu/animals/news/happy-lunar-new-year-2018-bei-bei,,,Happy Lunar New Year 2018 from Bei Bei,
images/nzp_posts_he-helped-create-first-panda-team_0.jpg,"Photo of a vintage newspaper with a headline that reads ""Collins Heads Panda Unit"".",alt_text,nzp_posts,2023-10-02T12:49:13-04:00,False,0.0022,https://nationalzoo.si.edu/animals/news/he-helped-create-first-panda-team,,,He Helped Create the First Panda Team,
images/nzp_posts_he-helped-create-first-panda-team_1.jpg,"Nine members of the panda keeper team, who are smiling and dressed for cold weather, at the Smithsonian's National Zoo.",alt_text,nzp_posts,2023-10-02T12:49:13-04:00,False,-0.0426,https://nationalzoo.si.edu/animals/news/he-helped-create-first-panda-team,,,He Helped Create the First Panda Team,
images/nzp_posts_he-helped-create-first-panda-team_3.jpg,Tai Shan explores his yard for the first time with mother Mei Xiang.,alt_text,nzp_posts,2023-10-02T12:49:13-04:00,False,-0.0109,https://nationalzoo.si.edu/animals/news/he-helped-create-first-panda-team,,,He Helped Create the First Panda Team,
images/nzp_posts_he-helped-create-first-panda-team_4.jpg,Closeup of Tian Tian.,alt_text,nzp_posts,2023-10-02T12:49:13-04:00,False,-0.0336,https://nationalzoo.si.edu/animals/news/he-helped-create-first-panda-team,,,He Helped Create the First Panda Team,
images/nzp_posts_healthy-growing-bei-bei_0.jpg,Bei Bei poking his head out of a plastic basket,alt_text,nzp_posts,2015-11-18T00:00:00-05:00,False,-0.023,https://nationalzoo.si.edu/animals/news/healthy-growing-bei-bei,,,"A Healthy, Growing Bei Bei",
images/nzp_posts_healthy-panda-cub-keeps-growing_0.jpg,panda cub asleep on table,alt_text,nzp_posts,2015-09-16T00:00:00-04:00,False,-0.0099,https://nationalzoo.si.edu/animals/news/healthy-panda-cub-keeps-growing,,,Healthy Panda Cub Keeps on Growing!,
images/nzp_posts_his-name-bei-bei_0.jpg,Bei Bei naming announcement,alt_text,nzp_posts,2015-09-25T00:00:00-04:00,False,-0.0082,https://nationalzoo.si.edu/animals/news/his-name-bei-bei,,,His Name is Bei Bei!,
images/nzp_posts_how-artificial-insemination-helps-boost-panda-populations_0.jpg,Mei Xiang sleeping,alt_text,nzp_posts,2017-09-01T16:32:48-04:00,True,0.0587,https://nationalzoo.si.edu/animals/news/how-artificial-insemination-helps-boost-panda-populations,,,How Artificial Insemination Helps Boost Panda Populations,
images/nzp_posts_how-bei-bei-has-started-his-summer_0.jpg,Bei Bei,alt_text,nzp_posts,2017-05-18T15:58:25-04:00,True,0.031,https://nationalzoo.si.edu/animals/news/how-bei-bei-has-started-his-summer,,,How Bei Bei Has Started His Summer,
images/nzp_posts_how-can-you-tell-giant-pandas-apart_0.jpg,Bao Li hangs out in a tree.,alt_text,nzp_posts,2025-01-14T14:35:53-05:00,False,-0.0252,https://nationalzoo.si.edu/animals/news/how-can-you-tell-giant-pandas-apart,,,How Can You Tell the Giant Pandas Apart?,
images/nzp_posts_how-can-you-tell-giant-pandas-apart_1.jpg,Giant panda Qing Bao stretches her body to investigate a log.,alt_text,nzp_posts,2025-01-14T14:35:53-05:00,False,0.0123,https://nationalzoo.si.edu/animals/news/how-can-you-tell-giant-pandas-apart,,,How Can You Tell the Giant Pandas Apart?,
images/nzp_posts_how-can-you-tell-giant-pandas-apart_2.jpg,Side-by-side shots of Bao Li and Qing Bao.,alt_text,nzp_posts,2025-01-14T14:35:53-05:00,False,-0.0094,https://nationalzoo.si.edu/animals/news/how-can-you-tell-giant-pandas-apart,,,How Can You Tell the Giant Pandas Apart?,
images/nzp_posts_how-can-you-tell-giant-pandas-apart_3.jpg,Side-by-side pictures of Bao Li and Qing Bao.,alt_text,nzp_posts,2025-01-14T14:35:53-05:00,False,0.0025,https://nationalzoo.si.edu/animals/news/how-can-you-tell-giant-pandas-apart,,,How Can You Tell the Giant Pandas Apart?,
images/nzp_posts_how-can-you-tell-giant-pandas-apart_4.jpg,Side-by-side of Bao Li and Qing Bao.,alt_text,nzp_posts,2025-01-14T14:35:53-05:00,False,-0.0237,https://nationalzoo.si.edu/animals/news/how-can-you-tell-giant-pandas-apart,,,How Can You Tell the Giant Pandas Apart?,
images/nzp_posts_how-can-you-tell-giant-pandas-apart_5.jpg,Bao Li presses his nose against the glass in his indoor exhibit area.,alt_text,nzp_posts,2025-01-14T14:35:53-05:00,False,-0.0133,https://nationalzoo.si.edu/animals/news/how-can-you-tell-giant-pandas-apart,,,How Can You Tell the Giant Pandas Apart?,
images/nzp_posts_how-can-you-tell-giant-pandas-apart_6.jpg,Qing Bao sits in between the branches of a tree.,alt_text,nzp_posts,2025-01-14T14:35:53-05:00,False,,https://nationalzoo.si.edu/animals/news/how-can-you-tell-giant-pandas-apart,,,How Can You Tell the Giant Pandas Apart?,
images/nzp_posts_how-care-for-giant-pandas_0.jpg,Keeper Nicole MacCorkle and Bao Bao.,alt_text,nzp_posts,2021-08-06T08:25:47-04:00,False,-0.0472,https://nationalzoo.si.edu/animals/news/how-care-for-giant-pandas,,,How to Care for Giant Pandas,
images/nzp_posts_how-care-for-giant-pandas_1.jpg,Keeper Nicole MacCorkle and Bao Bao.,alt_text,nzp_posts,2021-08-06T08:25:47-04:00,False,-0.0454,https://nationalzoo.si.edu/animals/news/how-care-for-giant-pandas,,,How to Care for Giant Pandas,
images/nzp_posts_how-care-for-giant-pandas_2.jpg,Giant panda cub Xiao Qi Ji sits upright eating a sweet potato.,alt_text,nzp_posts,2021-08-06T08:25:47-04:00,False,-0.009,https://nationalzoo.si.edu/animals/news/how-care-for-giant-pandas,,,How to Care for Giant Pandas,
images/nzp_posts_how-care-for-giant-pandas_3.jpg,"Two images on one graphic. Left image is of a virtual giant panda standing in a virtual, green habitat. His name is labeled ""Roku"" on the bottom of the image. The right image is a virtual giant panda sitting on a real couch using Augmented Reality.",alt_text,nzp_posts,2021-08-06T08:25:47-04:00,True,0.0365,https://nationalzoo.si.edu/animals/news/how-care-for-giant-pandas,,,How to Care for Giant Pandas,
images/nzp_posts_how-care-for-giant-pandas_4.jpg,"Giant panda keeper, Nicole, sits next to 3-year-old Tai Shan, who is in his crate and about to leave for China.",alt_text,nzp_posts,2021-08-06T08:25:47-04:00,False,-0.0167,https://nationalzoo.si.edu/animals/news/how-care-for-giant-pandas,,,How to Care for Giant Pandas,
images/nzp_posts_how-care-giant-pandas_0.jpg,Keeper Nicole MacCorkle and Bao Bao.,alt_text,nzp_posts,2021-08-06T08:25:47-04:00,False,-0.0472,https://nationalzoo.si.edu/animals/news/how-care-giant-pandas,,,How to Care for Giant Pandas,
images/nzp_posts_how-care-giant-pandas_1.jpg,Keeper Nicole MacCorkle and Bao Bao.,alt_text,nzp_posts,2021-08-06T08:25:47-04:00,False,-0.0454,https://nationalzoo.si.edu/animals/news/how-care-giant-pandas,,,How to Care for Giant Pandas,
images/nzp_posts_how-care-giant-pandas_2.jpg,Giant panda cub Xiao Qi Ji sits upright eating a sweet potato.,alt_text,nzp_posts,2021-08-06T08:25:47-04:00,False,-0.009,https://nationalzoo.si.edu/animals/news/how-care-giant-pandas,,,How to Care for Giant Pandas,
images/nzp_posts_how-care-giant-pandas_3.jpg,"Two images on one graphic. Left image is of a virtual giant panda standing in a virtual, green habitat. His name is labeled ""Roku"" on the bottom of the image. The right image is a virtual giant panda sitting on a real couch using Augmented Reality.",alt_text,nzp_posts,2021-08-06T08:25:47-04:00,True,0.0365,https://nationalzoo.si.edu/animals/news/how-care-giant-pandas,,,How to Care for Giant Pandas,
images/nzp_posts_how-care-giant-pandas_4.jpg,"Giant panda keeper, Nicole, sits next to 3-year-old Tai Shan, who is in his crate and about to leave for China.",alt_text,nzp_posts,2021-08-06T08:25:47-04:00,False,-0.0167,https://nationalzoo.si.edu/animals/news/how-care-giant-pandas,,,How to Care for Giant Pandas,
images/nzp_posts_how-panda-pregnancies-can-be-months-long-waiting-game_0.jpg,Mei Xiang,alt_text,nzp_posts,2017-08-18T10:34:05-04:00,False,-0.0245,https://nationalzoo.si.edu/animals/news/how-panda-pregnancies-can-be-months-long-waiting-game,,,How Panda Pregnancies Can Be a Months-Long Waiting Game,
images/nzp_posts_keep-national-zoos-pandas-satisfied-staff-prepare-endless-supply-bamboo_0.jpg,A panda leans back and munches on bamboo on a carpet of orange-hued leaves.,alt_text,nzp_posts,2024-12-10T10:07:46-05:00,False,-0.0255,https://nationalzoo.si.edu/animals/news/keep-national-zoos-pandas-satisfied-staff-prepare-endless-supply-bamboo,,,"To Keep the National Zoo’s Pandas Satisfied, Staff Prepare an Endless Supply of Bamboo",
images/nzp_posts_keep-national-zoos-pandas-satisfied-staff-prepare-endless-supply-bamboo_1.jpg,A panda eats bamboo while leaning next to her climbing structure.,alt_text,nzp_posts,2024-12-10T10:07:46-05:00,False,0.0021,https://nationalzoo.si.edu/animals/news/keep-national-zoos-pandas-satisfied-staff-prepare-endless-supply-bamboo,,,"To Keep the National Zoo’s Pandas Satisfied, Staff Prepare an Endless Supply of Bamboo",
images/nzp_posts_keep-national-zoos-pandas-satisfied-staff-prepare-endless-supply-bamboo_2.jpg,A panda crunches into a bamboo stalk.,alt_text,nzp_posts,2024-12-10T10:07:46-05:00,False,-0.0259,https://nationalzoo.si.edu/animals/news/keep-national-zoos-pandas-satisfied-staff-prepare-endless-supply-bamboo,,,"To Keep the National Zoo’s Pandas Satisfied, Staff Prepare an Endless Supply of Bamboo",
images/nzp_posts_keep-national-zoos-pandas-satisfied-staff-prepare-endless-supply-bamboo_3.jpg,A panda peeks out from behind a tree.,alt_text,nzp_posts,2024-12-10T10:07:46-05:00,False,-0.03,https://nationalzoo.si.edu/animals/news/keep-national-zoos-pandas-satisfied-staff-prepare-endless-supply-bamboo,,,"To Keep the National Zoo’s Pandas Satisfied, Staff Prepare an Endless Supply of Bamboo",
images/nzp_posts_keep-national-zoos-pandas-satisfied-staff-prepare-endless-supply-bamboo_4.jpg,A panda surveys her surroundings from atop a fallen log.,alt_text,nzp_posts,2024-12-10T10:07:46-05:00,False,-0.0277,https://nationalzoo.si.edu/animals/news/keep-national-zoos-pandas-satisfied-staff-prepare-endless-supply-bamboo,,,"To Keep the National Zoo’s Pandas Satisfied, Staff Prepare an Endless Supply of Bamboo",
images/nzp_posts_keep-national-zoos-pandas-satisfied-staff-prepare-endless-supply-bamboo_5.jpg,Giant panda munches on a massive pile of bamboo.,alt_text,nzp_posts,2024-12-10T10:07:46-05:00,False,-0.0097,https://nationalzoo.si.edu/animals/news/keep-national-zoos-pandas-satisfied-staff-prepare-endless-supply-bamboo,,,"To Keep the National Zoo’s Pandas Satisfied, Staff Prepare an Endless Supply of Bamboo",
images/nzp_posts_keepers-favorite-memories-bao-bao_0.jpg,Bao Bao's birth,alt_text,nzp_posts,2017-02-16T15:52:01-05:00,True,0.0432,https://nationalzoo.si.edu/animals/news/keepers-favorite-memories-bao-bao,,,Keepers' Favorite Memories of Bao Bao,
images/nzp_posts_keepers-favorite-memories-bao-bao_1.jpg,Bao Bao at 2 days old.,alt_text,nzp_posts,2017-02-16T15:52:01-05:00,False,-0.02,https://nationalzoo.si.edu/animals/news/keepers-favorite-memories-bao-bao,,,Keepers' Favorite Memories of Bao Bao,
images/nzp_posts_keepers-favorite-memories-bao-bao_2.jpg,Bao Bao makes her public debut.,alt_text,nzp_posts,2017-02-16T15:52:01-05:00,False,-0.0024,https://nationalzoo.si.edu/animals/news/keepers-favorite-memories-bao-bao,,,Keepers' Favorite Memories of Bao Bao,
images/nzp_posts_keepers-favorite-memories-bao-bao_3.jpg,Bao Bao enjoys her first snow storm.,alt_text,nzp_posts,2017-02-16T15:52:01-05:00,False,0.0071,https://nationalzoo.si.edu/animals/news/keepers-favorite-memories-bao-bao,,,Keepers' Favorite Memories of Bao Bao,
images/nzp_posts_keepers-favorite-memories-bao-bao_4.jpg,"As a cub, Bao Bao seemed to enjoy climbing the trees in her enclosure.",alt_text,nzp_posts,2017-02-16T15:52:01-05:00,False,-0.0135,https://nationalzoo.si.edu/animals/news/keepers-favorite-memories-bao-bao,,,Keepers' Favorite Memories of Bao Bao,
images/nzp_posts_keepers-favorite-memories-bao-bao_5.jpg,Bao Bao,alt_text,nzp_posts,2017-02-16T15:52:01-05:00,False,0.0104,https://nationalzoo.si.edu/animals/news/keepers-favorite-memories-bao-bao,,,Keepers' Favorite Memories of Bao Bao,
images/nzp_posts_keepers-favorite-memories-bao-bao_6.jpg,Keeper Nicole MacCorkle and Bao Bao.,alt_text,nzp_posts,2017-02-16T15:52:01-05:00,False,,https://nationalzoo.si.edu/animals/news/keepers-favorite-memories-bao-bao,,,Keepers' Favorite Memories of Bao Bao,
images/nzp_posts_keepers-favorite-memories-bao-bao_7.jpg,Keeper Jenny Spotten and Bao Bao.,alt_text,nzp_posts,2017-02-16T15:52:01-05:00,False,,https://nationalzoo.si.edu/animals/news/keepers-favorite-memories-bao-bao,,,Keepers' Favorite Memories of Bao Bao,
images/nzp_posts_keepers-favorite-memories-bao-bao_8.jpg,"Keeper Marty Dearie, assistant curator Laurie Thompson and Bao Bao.",alt_text,nzp_posts,2017-02-16T15:52:01-05:00,False,,https://nationalzoo.si.edu/animals/news/keepers-favorite-memories-bao-bao,,,Keepers' Favorite Memories of Bao Bao,
images/nzp_posts_keepers-favorite-memories-bao-bao_9.jpg,Keeper Stacey Tabellario (foreground) and Bao Bao.,alt_text,nzp_posts,2017-02-16T15:52:01-05:00,False,,https://nationalzoo.si.edu/animals/news/keepers-favorite-memories-bao-bao,,,Keepers' Favorite Memories of Bao Bao,
images/nzp_posts_keepers-favorite-memories-bao-bao_10.jpg,Keeper Shellie Pick and Bao Bao.,alt_text,nzp_posts,2017-02-16T15:52:01-05:00,False,,https://nationalzoo.si.edu/animals/news/keepers-favorite-memories-bao-bao,,,Keepers' Favorite Memories of Bao Bao,
images/nzp_posts_look-back-panda-cub-xiao-qi-jis-exciting-november_0.jpg,"Three-month-old giant panda cub Xiao Qi Ji on Dec. 2, 2020 at Smithsonian's National Zoo.",alt_text,nzp_posts,2020-12-04T17:25:54-05:00,False,-0.0498,https://nationalzoo.si.edu/animals/news/look-back-panda-cub-xiao-qi-jis-exciting-november,,,A Look Back At Panda Cub Xiao Qi Ji's Exciting November,
images/nzp_posts_look-back-panda-cub-xiao-qi-jis-exciting-november_1.jpg,A young giant panda cub with black-and-white fur lays on a table during a routine exam.,alt_text,nzp_posts,2020-12-04T17:25:54-05:00,False,-0.0298,https://nationalzoo.si.edu/animals/news/look-back-panda-cub-xiao-qi-jis-exciting-november,,,A Look Back At Panda Cub Xiao Qi Ji's Exciting November,
images/nzp_posts_mei-xiang-showing-behavioral-changes_0.jpg,Giant panda Mei Xiang sleeping on a rock inside the panda house.,alt_text,nzp_posts,2019-08-07T09:51:22-04:00,True,0.0463,https://nationalzoo.si.edu/animals/news/mei-xiang-showing-behavioral-changes,,,Mei Xiang is Showing Behavioral Changes,
images/nzp_posts_mei-xiang-showing-more-behavioral-changes_0.jpg,Mei Xiang sleeping,alt_text,nzp_posts,2017-08-25T13:35:04-04:00,True,0.0419,https://nationalzoo.si.edu/animals/news/mei-xiang-showing-more-behavioral-changes,,,Mei Xiang is Showing More Behavioral Changes,
images/nzp_posts_mei-xiang-showing-signs-estrus_0.jpg,Giant Panda Mei Xiang,alt_text,nzp_posts,2017-05-23T11:10:55-04:00,False,-0.0025,https://nationalzoo.si.edu/animals/news/mei-xiang-showing-signs-estrus,,,Mei Xiang is Showing Signs of Estrus,
images/nzp_posts_mei-xiang-showing-signs-estrus-0_0.jpg,giant panda mei xiang in her yard,alt_text,nzp_posts,2019-03-21T16:22:49-04:00,False,-0.0247,https://nationalzoo.si.edu/animals/news/mei-xiang-showing-signs-estrus-0,,,Mei Xiang Showing Signs of Estrus,
images/nzp_posts_mei-xiang-update-july-2019_0.jpg,giant panda mei xiang in her yard,alt_text,nzp_posts,2019-07-12T11:16:02-04:00,False,-0.0247,https://nationalzoo.si.edu/animals/news/mei-xiang-update-july-2019,,,Mei Xiang Update: July 2019,
images/nzp_posts_melodious-munches-pandas-and-bamboo-shoots_2.jpg,Giant pandas Tian Tian (left) and Mei Xiang (right) eat their bamboo shoots at the back of their yards.,alt_text,nzp_posts,2020-05-15T11:31:01-04:00,False,0.0267,https://nationalzoo.si.edu/animals/news/melodious-munches-pandas-and-bamboo-shoots,,,Melodious Munches: Pandas and Bamboo Shoots,
images/nzp_posts_national-zoo-pandas-bao-li-qing-bao-spring-behavior_1.jpg,"Giant panda Bao Li rubs his back on the ""howdy"" window.",alt_text,nzp_posts,2026-03-27T08:54:01-04:00,False,0.0051,https://nationalzoo.si.edu/animals/news/national-zoo-pandas-bao-li-qing-bao-spring-behavior,,,Flirting Like a Panda: Spring Sparks for Bao Li and Qing Bao at National Zoo,
images/nzp_posts_national-zoo-pandas-bao-li-qing-bao-spring-behavior_4.jpg,"Giant panda Qing Bao climbs a tree in her outdoor habitat on Nov. 1, 2025. Credit: Kaitlyn Adkins/Smithsonian",alt_text,nzp_posts,2026-03-27T08:54:01-04:00,False,0.0012,https://nationalzoo.si.edu/animals/news/national-zoo-pandas-bao-li-qing-bao-spring-behavior,,,Flirting Like a Panda: Spring Sparks for Bao Li and Qing Bao at National Zoo,
images/nzp_posts_official-giant-panda-fan-quiz_0.jpg,Mei Xiang drapes her front paws over a log and looks towards the camera.,alt_text,nzp_posts,2023-09-01T14:43:23-04:00,False,-0.0255,https://nationalzoo.si.edu/animals/news/official-giant-panda-fan-quiz,,,The Official Giant Panda Fan Quiz,
images/nzp_posts_official-super-ultimate-giant-panda-fan-quiz_0.jpg,Tian Tian and Mei Xiang walk towards the camera with their mouths open.,alt_text,nzp_posts,2023-09-01T12:00:00-04:00,False,0.0037,https://nationalzoo.si.edu/animals/news/official-super-ultimate-giant-panda-fan-quiz,,,The Official Super Ultimate Giant Panda Fan Quiz,
images/nzp_posts_our-panda-cub-giant_0.jpg,giant panda cub,alt_text,nzp_posts,2015-09-23T00:00:00-04:00,False,-0.0244,https://nationalzoo.si.edu/animals/news/our-panda-cub-giant,,,Our Panda Cub is Giant!,
images/nzp_posts_panda-breeding-season-has-arrived_0.jpg,Giant panda in yard,alt_text,nzp_posts,2015-04-27T00:00:00-04:00,False,-0.0202,https://nationalzoo.si.edu/animals/news/panda-breeding-season-has-arrived,,,Panda Breeding Season Has Arrived!,
images/nzp_posts_panda-breeding-season-has-faded-calm-spring_0.jpg,Mei Xiang eating a fruitsicle.,alt_text,nzp_posts,2019-05-20T13:00:56-04:00,False,-0.0041,https://nationalzoo.si.edu/animals/news/panda-breeding-season-has-faded-calm-spring,,,Panda Breeding Season Has Faded to a Calm Spring,
images/nzp_posts_panda-house-getting-makeover_0.jpg,Bei Bei in the snow,alt_text,nzp_posts,2018-11-30T13:34:17-05:00,False,0.008,https://nationalzoo.si.edu/animals/news/panda-house-getting-makeover,,,The Panda House is Getting a Makeover,
images/nzp_posts_panda-house-getting-makeover_1.jpg,Bei Bei climbing a tree in the snow,alt_text,nzp_posts,2018-11-30T13:34:17-05:00,False,-0.0007,https://nationalzoo.si.edu/animals/news/panda-house-getting-makeover,,,The Panda House is Getting a Makeover,
images/nzp_posts_panda-keepers-travel-china_0.jpg,The Zoo's panda keepers pose with panda keepers in China,alt_text,nzp_posts,2015-05-11T00:00:00-04:00,False,0.0174,https://nationalzoo.si.edu/animals/news/panda-keepers-travel-china,,,Panda Keepers Travel to China,
images/nzp_posts_panda-update-june-1-2018_0.jpg,A computer displaying an ultrasound image from a giant panda ultrasound,alt_text,nzp_posts,2018-06-01T14:25:10-04:00,False,-0.0861,https://nationalzoo.si.edu/animals/news/panda-update-june-1-2018,,,"Panda Update: June 1, 2018",
images/nzp_posts_panda-update-june-1-2018_1.jpg,Giant panda Mei Xiang lies down in a training chute for a voluntary ultrasound,alt_text,nzp_posts,2018-06-01T14:25:10-04:00,False,-0.0159,https://nationalzoo.si.edu/animals/news/panda-update-june-1-2018,,,"Panda Update: June 1, 2018",
images/nzp_posts_panda-update-june-1-2018_2.jpg,Giant panda Mei Xiang receives treats while participating in a voluntary ultrasound.,alt_text,nzp_posts,2018-06-01T14:25:10-04:00,False,-0.0188,https://nationalzoo.si.edu/animals/news/panda-update-june-1-2018,,,"Panda Update: June 1, 2018",
images/nzp_posts_panda-update-june-1-2018_3.jpg,"Dr. Don Neiffer, chief veterinarian at the Smithsonian’s National Zoo performs a routine ultrasound on giant panda Mei Xiang",alt_text,nzp_posts,2018-06-01T14:25:10-04:00,False,0.0086,https://nationalzoo.si.edu/animals/news/panda-update-june-1-2018,,,"Panda Update: June 1, 2018",
images/nzp_posts_pandas-frolicking-winter_0.jpg,"Giant panda, Mei Xiang, climbing a tree.",alt_text,nzp_posts,2020-01-14T11:52:41-05:00,True,0.0847,https://nationalzoo.si.edu/animals/news/pandas-frolicking-winter,,,Pandas Frolicking in Winter,
images/nzp_posts_pandas-frolicking-winter_1.jpg,Tian Tian climbing a tree.,alt_text,nzp_posts,2020-01-14T11:52:41-05:00,True,0.0492,https://nationalzoo.si.edu/animals/news/pandas-frolicking-winter,,,Pandas Frolicking in Winter,
images/nzp_posts_pandastory-11-weeks-old_0.jpg,Giant panda cub at 10 weeks old.,alt_text,nzp_posts,2020-11-05T13:21:19-05:00,False,-0.0438,https://nationalzoo.si.edu/animals/news/pandastory-11-weeks-old,,,#PandaStory: 11 Weeks Old,
images/nzp_posts_pandastory-11-weeks-old_1.jpg,Giant panda Mei Xiang eats bamboo.,alt_text,nzp_posts,2020-11-05T13:21:19-05:00,True,0.0283,https://nationalzoo.si.edu/animals/news/pandastory-11-weeks-old,,,#PandaStory: 11 Weeks Old,
images/nzp_posts_pandastory-28-days-old_0.jpg,"Giant panda Mei Xiang cradles her cub on Sept. 13, 2020.",alt_text,nzp_posts,2020-09-18T13:19:51-04:00,True,0.0286,https://nationalzoo.si.edu/animals/news/pandastory-28-days-old,,,#PandaStory: 28 Days Old,
images/nzp_posts_pandastory-28-days-old_1.jpg,"The Zoo's giant panda cub rests on the floor of its den Sept. 17, 2020.",alt_text,nzp_posts,2020-09-18T13:19:51-04:00,True,0.034,https://nationalzoo.si.edu/animals/news/pandastory-28-days-old,,,#PandaStory: 28 Days Old,
images/nzp_posts_pandastory-adventure-awaits_0.jpg,Giant panda cub Xiao Qi Ji licks a dollop of homemade applesauce off of a large green enrichment toy.,alt_text,nzp_posts,2021-02-26T09:23:32-05:00,False,-0.0108,https://nationalzoo.si.edu/animals/news/pandastory-adventure-awaits,,,#PandaStory: Adventure Awaits!,
images/nzp_posts_pandastory-adventure-awaits_1.jpg,Giant panda cub Xiao Qi Ji climbs atop a structure made of criss-crossed logs.,alt_text,nzp_posts,2021-02-26T09:23:32-05:00,False,-0.0121,https://nationalzoo.si.edu/animals/news/pandastory-adventure-awaits,,,#PandaStory: Adventure Awaits!,
images/nzp_posts_pandastory-adventure-awaits_2.jpg,Giant panda cub Xiao Qi Ji climbs atop a structure made of criss-crossed logs.,alt_text,nzp_posts,2021-02-26T09:23:32-05:00,False,-0.023,https://nationalzoo.si.edu/animals/news/pandastory-adventure-awaits,,,#PandaStory: Adventure Awaits!,
images/nzp_posts_pandastory-adventure-awaits_3.jpg,Giant panda cub Xiao Qi Ji climbs atop a structure made of criss-crossed logs.,alt_text,nzp_posts,2021-02-26T09:23:32-05:00,False,-0.0288,https://nationalzoo.si.edu/animals/news/pandastory-adventure-awaits,,,#PandaStory: Adventure Awaits!,
images/nzp_posts_pandastory-adventure-awaits_4.jpg,Giant panda cub Xiao Qi Ji laying down in the tall grass in his outdoor habitat.,alt_text,nzp_posts,2021-02-26T09:23:32-05:00,False,-0.0305,https://nationalzoo.si.edu/animals/news/pandastory-adventure-awaits,,,#PandaStory: Adventure Awaits!,
images/nzp_posts_pandastory-bears-first-taste-bamboo_0.jpg,Jan. 27 | Giant panda cub Xiao Qi Ji had his first taste of bamboo this week!,alt_text,nzp_posts,2021-01-29T11:34:41-05:00,False,-0.0053,https://nationalzoo.si.edu/animals/news/pandastory-bears-first-taste-bamboo,,,#PandaStory: A Bear’s First Taste of Bamboo,
images/nzp_posts_pandastory-bears-first-taste-bamboo_1.jpg,"Jan. 27 | Giant panda cub Xiao Qi Ji is beginning to sample new foods, including bamboo, sweet potatoes and nutrient-fortified biscuits.",alt_text,nzp_posts,2021-01-29T11:34:41-05:00,False,0.0004,https://nationalzoo.si.edu/animals/news/pandastory-bears-first-taste-bamboo,,,#PandaStory: A Bear’s First Taste of Bamboo,
images/nzp_posts_pandastory-bears-first-taste-bamboo_2.jpg,Xiao Qi Ji with an enrichment jolly ball at Smithsonian's National Zoo.,alt_text,nzp_posts,2021-01-29T11:34:41-05:00,False,-0.0154,https://nationalzoo.si.edu/animals/news/pandastory-bears-first-taste-bamboo,,,#PandaStory: A Bear’s First Taste of Bamboo,
images/nzp_posts_pandastory-big-milestones-ahead_0.jpg,"The Zoo's 3-month-old giant panda cub during a vet exam Nov. 18, 2020.",alt_text,nzp_posts,2020-11-20T12:05:49-05:00,False,-0.0226,https://nationalzoo.si.edu/animals/news/pandastory-big-milestones-ahead,,,#PandaStory: Big Milestones Ahead,
images/nzp_posts_pandastory-bubble-bath-wrestling-match_0.jpg,Giant panda cub Xiao Qi Ji eating an apple.,alt_text,nzp_posts,2021-10-29T01:54:59-04:00,False,-0.0208,https://nationalzoo.si.edu/animals/news/pandastory-bubble-bath-wrestling-match,,,#PandaStory: A Bubble Bath Wrestling Match,
images/nzp_posts_pandastory-chill-cubs-first-snow_0.jpg,A giant panda cub stands in an area covered in a light dusting of snow and some scattered bamboo leaves.,alt_text,nzp_posts,2021-02-05T11:43:20-05:00,False,-0.0025,https://nationalzoo.si.edu/animals/news/pandastory-chill-cubs-first-snow,,,#PandaStory: A Chill Cub’s First Snow,
images/nzp_posts_pandastory-chill-cubs-first-snow_1.jpg,Five-month-old giant panda Xiao Qi Ji sniffs a small snowman that stands just a few inches tall.,alt_text,nzp_posts,2021-02-05T11:43:20-05:00,False,-0.0235,https://nationalzoo.si.edu/animals/news/pandastory-chill-cubs-first-snow,,,#PandaStory: A Chill Cub’s First Snow,
images/nzp_posts_pandastory-chill-cubs-first-snow_2.jpg,The trees in giant panda Mei Xiang and Xiao Qi Ji's habitat received cuffs to help keep our cub close to the ground.,alt_text,nzp_posts,2021-02-05T11:43:20-05:00,True,0.0403,https://nationalzoo.si.edu/animals/news/pandastory-chill-cubs-first-snow,,,#PandaStory: A Chill Cub’s First Snow,
images/nzp_posts_pandastory-cub-day-10_0.jpg,Giant panda Mei Xiang holds her 10-day-old cub in her forearms. The cub's tiny paws are peeking out.,alt_text,nzp_posts,2020-08-31T13:00:29-04:00,False,0.0159,https://nationalzoo.si.edu/animals/news/pandastory-cub-day-10,,,#PandaStory: Cub Day 10,
images/nzp_posts_pandastory-cub-day-13_0.jpg,Mei Xiang eats sugar cane with her cub.,alt_text,nzp_posts,2020-09-03T15:50:07-04:00,True,0.0716,https://nationalzoo.si.edu/animals/news/pandastory-cub-day-13,,,#PandaStory: Cub Day 13,
images/nzp_posts_pandastory-cub-day-19_0.jpg,Giant panda Mei Xiang holds her small cub in her arms. The cub has small visible claws and has started to get its black and white markings,alt_text,nzp_posts,2020-09-09T16:59:13-04:00,True,0.0467,https://nationalzoo.si.edu/animals/news/pandastory-cub-day-19,,,#PandaStory: Cub Day 19,
images/nzp_posts_pandastory-cub-day-2_0.jpg,"Giant panda Mei Xiang cradles her newborn cub Aug. 22, 2020. The cub was born Aug. 21, 2020, at 6:35 p.m.",alt_text,nzp_posts,2020-08-23T10:15:51-04:00,True,0.0625,https://nationalzoo.si.edu/animals/news/pandastory-cub-day-2,,,#PandaStory: Cub Day 2,
images/nzp_posts_pandastory-cub-day-24_0.jpg,A close up photo of the 3-week-old giant panda cub.,alt_text,nzp_posts,2020-09-14T14:27:07-04:00,False,-0.0076,https://nationalzoo.si.edu/animals/news/pandastory-cub-day-24,,,#PandaStory: Cub Day 24,
images/nzp_posts_pandastory-cub-day-24_1.jpg,Keeper Marty Dearie holds the Smithsonian's National Zoo's 3-week-old giant panda cub.,alt_text,nzp_posts,2020-09-14T14:27:07-04:00,False,-0.0172,https://nationalzoo.si.edu/animals/news/pandastory-cub-day-24,,,#PandaStory: Cub Day 24,
images/nzp_posts_pandastory-cub-day-3_0.jpg,"Aug. 24: Giant panda Mei Xiang holds her cub born Aug. 21, 2020 between her paws to keep it warm.",alt_text,nzp_posts,2020-08-24T13:54:11-04:00,True,0.0691,https://nationalzoo.si.edu/animals/news/pandastory-cub-day-3,,,#PandaStory: Cub Day 3,
images/nzp_posts_pandastory-cub-day-4_0.jpg,Giant Panda Mei Xiang holds her cub gently in her mouth as she readjusts her position.,alt_text,nzp_posts,2020-08-25T13:46:58-04:00,True,0.0704,https://nationalzoo.si.edu/animals/news/pandastory-cub-day-4,,,#PandaStory: Cub Day 4,
images/nzp_posts_pandastory-cub-day-4_1.jpg,Male giant panda Tian Tian at the Smithsonian's National Zoo,alt_text,nzp_posts,2020-08-25T13:46:58-04:00,False,-0.028,https://nationalzoo.si.edu/animals/news/pandastory-cub-day-4,,,#PandaStory: Cub Day 4,
images/nzp_posts_pandastory-cub-day-5_0.jpg,"Giant panda Mei Xiang and her cub, which was born Aug. 21, 2020.",alt_text,nzp_posts,2020-08-26T13:30:31-04:00,True,0.0433,https://nationalzoo.si.edu/animals/news/pandastory-cub-day-5,,,#PandaStory: Cub Day 5,
images/nzp_posts_pandastory-cub-day-6_0.jpg,"Giant panda Mei Xiang briefly placed her cub on the ground in the early morning Aug. 27, 2020.",alt_text,nzp_posts,2020-08-27T11:24:15-04:00,True,0.0501,https://nationalzoo.si.edu/animals/news/pandastory-cub-day-6,,,#PandaStory: Cub Day 6,
images/nzp_posts_pandastory-cub-day-6_1.jpg,Tian Tian celebrated turning 23 today with a delicious fruitsicle cake!,alt_text,nzp_posts,2020-08-27T11:24:15-04:00,True,0.0585,https://nationalzoo.si.edu/animals/news/pandastory-cub-day-6,,,#PandaStory: Cub Day 6,
images/nzp_posts_pandastory-cub-day-7_0.jpg,"The bigger the giant panda cub gets, the more distinct its markings get. If you look closely, you can very clearly see black eye patches starting to come in.",alt_text,nzp_posts,2020-08-28T11:27:52-04:00,True,0.0888,https://nationalzoo.si.edu/animals/news/pandastory-cub-day-7,,,#PandaStory: Cub Day 7,
images/nzp_posts_pandastory-cubs-growing-girth_0.jpg,The Smithsonian's National Zoo's 1-month-old giant panda cub.,alt_text,nzp_posts,2020-09-25T14:13:57-04:00,False,-0.0442,https://nationalzoo.si.edu/animals/news/pandastory-cubs-growing-girth,,,#PandaStory: The Cub’s Growing Girth,
images/nzp_posts_pandastory-cubs-growing-girth_1.jpg,"A 1-month-old giant panda cub with black-and-white markings, a thin layer of fur and small claws lays on a towel with its head resting on its paw",alt_text,nzp_posts,2020-09-25T14:13:57-04:00,False,-0.0462,https://nationalzoo.si.edu/animals/news/pandastory-cubs-growing-girth,,,#PandaStory: The Cub’s Growing Girth,
images/nzp_posts_pandastory-exploring-new-sites_0.jpg,Giant panda cub Xiao Qi Ji lays on his hammock and looks out into his exhibit.,alt_text,nzp_posts,2021-03-19T09:36:18-04:00,False,-0.0305,https://nationalzoo.si.edu/animals/news/pandastory-exploring-new-sites,,,#PandaStory: Exploring New Sites,
images/nzp_posts_pandastory-exploring-new-sites_1.jpg,Giant panda cub Xiao Qi Ji climbs up one of the logs in his climbing structure.,alt_text,nzp_posts,2021-03-19T09:36:18-04:00,False,-0.0248,https://nationalzoo.si.edu/animals/news/pandastory-exploring-new-sites,,,#PandaStory: Exploring New Sites,
images/nzp_posts_pandastory-exploring-new-sites_2.jpg,Giant panda cub Xiao Qi Ji stands atop the hammock in his outdoor habitat.,alt_text,nzp_posts,2021-03-19T09:36:18-04:00,False,-0.0225,https://nationalzoo.si.edu/animals/news/pandastory-exploring-new-sites,,,#PandaStory: Exploring New Sites,
images/nzp_posts_pandastory-exploring-new-sites_3.jpg,Giant panda cub Xiao Qi Ji walks across his hammock face-forward.,alt_text,nzp_posts,2021-03-19T09:36:18-04:00,False,-0.0388,https://nationalzoo.si.edu/animals/news/pandastory-exploring-new-sites,,,#PandaStory: Exploring New Sites,
images/nzp_posts_pandastory-feisty-xiao-qi-ji_0.jpg,"A young giant panda cub with black-and-white fur, round ears and small claws stands on a table in the indoor panda habitat at the Smithsonian's National Zoo during a routine exam",alt_text,nzp_posts,2020-12-18T10:52:58-05:00,False,-0.013,https://nationalzoo.si.edu/animals/news/pandastory-feisty-xiao-qi-ji,,,#PandaStory: A Feisty Xiao Qi Ji,
images/nzp_posts_pandastory-first-veterinary-exam_0.jpg,"The Smithsonian's National Zoo's giant panda cub is one month old today, Sept. 21!",alt_text,nzp_posts,2020-09-21T14:49:45-04:00,False,-0.0262,https://nationalzoo.si.edu/animals/news/pandastory-first-veterinary-exam,,,#PandaStory: First Veterinary Exam,
images/nzp_posts_pandastory-first-veterinary-exam_1.jpg,"Zoo veterinarians measure the Zoo's 29-day-old giant panda cub Sept. 19, 2020.",alt_text,nzp_posts,2020-09-21T14:49:45-04:00,False,-0.0235,https://nationalzoo.si.edu/animals/news/pandastory-first-veterinary-exam,,,#PandaStory: First Veterinary Exam,
images/nzp_posts_pandastory-first-veterinary-exam_2.jpg,Zoo veterinarian Dr. James Steeil listens to the 29-day-old giant panda's heart and lungs.,alt_text,nzp_posts,2020-09-21T14:49:45-04:00,False,-0.0171,https://nationalzoo.si.edu/animals/news/pandastory-first-veterinary-exam,,,#PandaStory: First Veterinary Exam,
images/nzp_posts_pandastory-first-veterinary-exam_3.jpg,"The Smithsonian's National Zoo's giant panda cub rests on a soft towel during its first veterinary exam Sept. 19, 2020.",alt_text,nzp_posts,2020-09-21T14:49:45-04:00,False,-0.0123,https://nationalzoo.si.edu/animals/news/pandastory-first-veterinary-exam,,,#PandaStory: First Veterinary Exam,
images/nzp_posts_pandastory-friendly-game-tug-war_0.jpg,Giant panda cub Xiao Qi Ji gnaws on a kong toy while sitting atop a scale.,alt_text,nzp_posts,2021-04-16T10:15:19-04:00,False,-0.0073,https://nationalzoo.si.edu/animals/news/pandastory-friendly-game-tug-war,,,#PandaStory: A Friendly Game of Tug-of-War,
images/nzp_posts_pandastory-friendly-game-tug-war_1.jpg,Giant panda cub carries a bamboo shoot across the rockwork of his indoor exhibit.,alt_text,nzp_posts,2021-04-16T10:15:19-04:00,False,0.0041,https://nationalzoo.si.edu/animals/news/pandastory-friendly-game-tug-war,,,#PandaStory: A Friendly Game of Tug-of-War,
images/nzp_posts_pandastory-fruitsicles-and-feistiness_0.jpg,The Zoo's 7-week-old giant panda cub receives a routine check-up.,alt_text,nzp_posts,2020-10-15T10:59:20-04:00,False,-0.0198,https://nationalzoo.si.edu/animals/news/pandastory-fruitsicles-and-feistiness,,,#PandaStory: Fruitsicles and Feistiness,
images/nzp_posts_pandastory-fruitsicles-and-feistiness_1.jpg,The Zoo's 7-week-old giant panda cub receives a routine check-up.,alt_text,nzp_posts,2020-10-15T10:59:20-04:00,False,-0.0364,https://nationalzoo.si.edu/animals/news/pandastory-fruitsicles-and-feistiness,,,#PandaStory: Fruitsicles and Feistiness,
images/nzp_posts_pandastory-fruitsicles-and-feistiness_2.jpg,The Zoo's 7-week-old panda cub receives a routine check-up at Smithsonian's National Zoo.,alt_text,nzp_posts,2020-10-15T10:59:20-04:00,False,-0.0289,https://nationalzoo.si.edu/animals/news/pandastory-fruitsicles-and-feistiness,,,#PandaStory: Fruitsicles and Feistiness,
images/nzp_posts_pandastory-giant-panda-cub-exam-sept-25_0.jpg,The Smithsonian's National Zoo's 1-month-old giant panda cub.,alt_text,nzp_posts,2020-09-28T17:33:51-04:00,False,-0.0442,https://nationalzoo.si.edu/animals/news/pandastory-giant-panda-cub-exam-sept-25,,,#PandaStory: Giant Panda Cub Exam (Sept. 25),
images/nzp_posts_pandastory-good-listener_0.jpg,Giant panda cub Xiao Qi Ji paws at a piece of banana on top of a green enrichment toy.,alt_text,nzp_posts,2021-03-05T09:57:57-05:00,False,-0.0039,https://nationalzoo.si.edu/animals/news/pandastory-good-listener,,,#PandaStory: A Good Listener,
images/nzp_posts_pandastory-good-listener_1.jpg,Giant panda cub Xiao Qi Ji licks banana off of a green enrichment toy.,alt_text,nzp_posts,2021-03-05T09:57:57-05:00,False,-0.0138,https://nationalzoo.si.edu/animals/news/pandastory-good-listener,,,#PandaStory: A Good Listener,
images/nzp_posts_pandastory-growing_0.jpg,Giant panda Xiao Qi Ji looking up at the viewer.,alt_text,nzp_posts,2022-03-31T11:10:32-04:00,False,-0.0327,https://nationalzoo.si.edu/animals/news/pandastory-growing,,,#PandaStory: Growing Up,
images/nzp_posts_pandastory-growing_1.jpg,Giant panda cub Xiao Qi Ji snacks on a piece of sugar cane near the Panda House.,alt_text,nzp_posts,2022-03-31T11:10:32-04:00,False,-0.0012,https://nationalzoo.si.edu/animals/news/pandastory-growing,,,#PandaStory: Growing Up,
images/nzp_posts_pandastory-growing_2.jpg,Giant panda cub Xiao Qi Ji plays with his enrichment toys while mother Mei Xiang eats breakfast nearby.,alt_text,nzp_posts,2022-03-31T11:10:32-04:00,False,-0.0052,https://nationalzoo.si.edu/animals/news/pandastory-growing,,,#PandaStory: Growing Up,
images/nzp_posts_pandastory-growing_3.jpg,Giant panda Xiao Qi Ji (foreground) and his mother Mei Xiang eat bamboo side-by-side.,alt_text,nzp_posts,2022-03-31T11:10:32-04:00,False,0.0088,https://nationalzoo.si.edu/animals/news/pandastory-growing,,,#PandaStory: Growing Up,
images/nzp_posts_pandastory-growing_4.jpg,Giant panda cub Xiao Qi Ji climbs atop his mother Mei Xiang's back.,alt_text,nzp_posts,2022-03-31T11:10:32-04:00,False,-0.0044,https://nationalzoo.si.edu/animals/news/pandastory-growing,,,#PandaStory: Growing Up,
images/nzp_posts_pandastory-growing_5.jpg,"Giant panda cub Xiao Qi Ji plays with an enrichment jolly ball while his mother, Mei Xiang, eats bamboo nearby.",alt_text,nzp_posts,2022-03-31T11:10:32-04:00,False,0.0051,https://nationalzoo.si.edu/animals/news/pandastory-growing,,,#PandaStory: Growing Up,
images/nzp_posts_pandastory-growing_6.jpg,Giant panda cub Xiao Qi Ji enjoys a fruitsicle outside on the Panda House patio.,alt_text,nzp_posts,2022-03-31T11:10:32-04:00,False,,https://nationalzoo.si.edu/animals/news/pandastory-growing,,,#PandaStory: Growing Up,
images/nzp_posts_pandastory-growing_7.jpg,Adult male giant panda Tian Tian soaks up some sun while he eats bamboo.,alt_text,nzp_posts,2022-03-31T11:10:32-04:00,False,,https://nationalzoo.si.edu/animals/news/pandastory-growing,,,#PandaStory: Growing Up,
images/nzp_posts_pandastory-growing_8.jpg,"Giant panda Tian Tian patrols his exhibit. During rut, he is very active and playful!",alt_text,nzp_posts,2022-03-31T11:10:32-04:00,False,,https://nationalzoo.si.edu/animals/news/pandastory-growing,,,#PandaStory: Growing Up,
images/nzp_posts_pandastory-growing-up_0.jpg,Giant panda Xiao Qi Ji looking up at the viewer.,alt_text,nzp_posts,2022-03-31T11:10:32-04:00,False,-0.0327,https://nationalzoo.si.edu/animals/news/pandastory-growing-up,,,#PandaStory: Growing Up,
images/nzp_posts_pandastory-growing-up_1.jpg,Giant panda cub Xiao Qi Ji snacks on a piece of sugar cane near the Panda House.,alt_text,nzp_posts,2022-03-31T11:10:32-04:00,False,-0.0012,https://nationalzoo.si.edu/animals/news/pandastory-growing-up,,,#PandaStory: Growing Up,
images/nzp_posts_pandastory-growing-up_2.jpg,Giant panda cub Xiao Qi Ji plays with his enrichment toys while mother Mei Xiang eats breakfast nearby.,alt_text,nzp_posts,2022-03-31T11:10:32-04:00,False,-0.0052,https://nationalzoo.si.edu/animals/news/pandastory-growing-up,,,#PandaStory: Growing Up,
images/nzp_posts_pandastory-growing-up_3.jpg,Giant panda Xiao Qi Ji (foreground) and his mother Mei Xiang eat bamboo side-by-side.,alt_text,nzp_posts,2022-03-31T11:10:32-04:00,False,0.0088,https://nationalzoo.si.edu/animals/news/pandastory-growing-up,,,#PandaStory: Growing Up,
images/nzp_posts_pandastory-growing-up_4.jpg,Giant panda cub Xiao Qi Ji climbs atop his mother Mei Xiang's back.,alt_text,nzp_posts,2022-03-31T11:10:32-04:00,False,-0.0044,https://nationalzoo.si.edu/animals/news/pandastory-growing-up,,,#PandaStory: Growing Up,
images/nzp_posts_pandastory-growing-up_5.jpg,"Giant panda cub Xiao Qi Ji plays with an enrichment jolly ball while his mother, Mei Xiang, eats bamboo nearby.",alt_text,nzp_posts,2022-03-31T11:10:32-04:00,False,0.0051,https://nationalzoo.si.edu/animals/news/pandastory-growing-up,,,#PandaStory: Growing Up,
images/nzp_posts_pandastory-growing-up_6.jpg,Giant panda cub Xiao Qi Ji enjoys a fruitsicle outside on the Panda House patio.,alt_text,nzp_posts,2022-03-31T11:10:32-04:00,False,,https://nationalzoo.si.edu/animals/news/pandastory-growing-up,,,#PandaStory: Growing Up,
images/nzp_posts_pandastory-growing-up_7.jpg,Adult male giant panda Tian Tian soaks up some sun while he eats bamboo.,alt_text,nzp_posts,2022-03-31T11:10:32-04:00,False,,https://nationalzoo.si.edu/animals/news/pandastory-growing-up,,,#PandaStory: Growing Up,
images/nzp_posts_pandastory-growing-up_8.jpg,"Giant panda Tian Tian patrols his exhibit. During rut, he is very active and playful!",alt_text,nzp_posts,2022-03-31T11:10:32-04:00,False,,https://nationalzoo.si.edu/animals/news/pandastory-growing-up,,,#PandaStory: Growing Up,
images/nzp_posts_pandastory-happy-half-birthday-xiao-qi-ji_0.jpg,Giant panda cub Xiao Qi Ji climbs on a structure made of criss-crossed logs in his outdoor yard,alt_text,nzp_posts,2021-03-05T09:01:01-05:00,False,-0.0168,https://nationalzoo.si.edu/animals/news/pandastory-happy-half-birthday-xiao-qi-ji,,,"#PandaStory: Happy Half-Birthday, Xiao Qi Ji",
images/nzp_posts_pandastory-happy-half-birthday-xiao-qi-ji_1.jpg,Keeper Marty Dearie holds the Smithsonian's National Zoo's 3-week-old giant panda cub.,alt_text,nzp_posts,2021-03-05T09:01:01-05:00,False,-0.0172,https://nationalzoo.si.edu/animals/news/pandastory-happy-half-birthday-xiao-qi-ji,,,"#PandaStory: Happy Half-Birthday, Xiao Qi Ji",
images/nzp_posts_pandastory-happy-half-birthday-xiao-qi-ji_2.jpg,The Zoo's 10-week-old giant panda cub received a pumpkin as enrichment for Halloween.,alt_text,nzp_posts,2021-03-05T09:01:01-05:00,False,-0.0342,https://nationalzoo.si.edu/animals/news/pandastory-happy-half-birthday-xiao-qi-ji,,,"#PandaStory: Happy Half-Birthday, Xiao Qi Ji",
images/nzp_posts_pandastory-happy-half-birthday-xiao-qi-ji_3.jpg,Five-month-old giant panda Xiao Qi Ji sniffs a small snowman that stands just a few inches tall.,alt_text,nzp_posts,2021-03-05T09:01:01-05:00,False,-0.0235,https://nationalzoo.si.edu/animals/news/pandastory-happy-half-birthday-xiao-qi-ji,,,"#PandaStory: Happy Half-Birthday, Xiao Qi Ji",
images/nzp_posts_pandastory-happy-half-birthday-xiao-qi-ji_4.jpg,Five-month-old giant panda cub Xiao Qi Ji leans against rockwork in his habitat with one paw up on a cylindrical-shaped enrichment toy and nibbles on his first biscuit.,alt_text,nzp_posts,2021-03-05T09:01:01-05:00,False,-0.0024,https://nationalzoo.si.edu/animals/news/pandastory-happy-half-birthday-xiao-qi-ji,,,"#PandaStory: Happy Half-Birthday, Xiao Qi Ji",
images/nzp_posts_pandastory-happy-homecoming_0.jpg,"Zoo staff James Steeil, Laurie Thompson and Mariel Lally in China at Shenshuping campus, China Conservation and Research Center for the Giant Panda.",alt_text,nzp_posts,2023-12-01T12:28:05-05:00,False,0.0167,https://nationalzoo.si.edu/animals/news/pandastory-happy-homecoming,,,#PandaStory: A Happy Homecoming,
images/nzp_posts_pandastory-happy-homecoming_1.jpg,Giant panda Bao Bao in China.,alt_text,nzp_posts,2023-12-01T12:28:05-05:00,False,0.0235,https://nationalzoo.si.edu/animals/news/pandastory-happy-homecoming,,,#PandaStory: A Happy Homecoming,
images/nzp_posts_pandastory-happy-homecoming_2.jpg,Giant panda Bao Bao's exhibit sign.,alt_text,nzp_posts,2023-12-01T12:28:05-05:00,True,0.0455,https://nationalzoo.si.edu/animals/news/pandastory-happy-homecoming,,,#PandaStory: A Happy Homecoming,
images/nzp_posts_pandastory-happy-homecoming_3.jpg,Giant panda Tai Shan's habitat.,alt_text,nzp_posts,2023-12-01T12:28:05-05:00,True,0.0553,https://nationalzoo.si.edu/animals/news/pandastory-happy-homecoming,,,#PandaStory: A Happy Homecoming,
images/nzp_posts_pandastory-happy-homecoming_4.jpg,Giant panda Tai Shan asleep in his habitat in China.,alt_text,nzp_posts,2023-12-01T12:28:05-05:00,True,0.033,https://nationalzoo.si.edu/animals/news/pandastory-happy-homecoming,,,#PandaStory: A Happy Homecoming,
images/nzp_posts_pandastory-mother-son_0.jpg,Giant panda cub Xiao Qi Ji sits upright eating a sweet potato.,alt_text,nzp_posts,2021-04-02T10:58:07-04:00,False,-0.0091,https://nationalzoo.si.edu/animals/news/pandastory-mother-son,,,"#PandaStory: Like Mother, Like Son",
images/nzp_posts_pandastory-mother-son_1.jpg,Giant panda cub Xiao Qi Ji sleeps on the floor of his indoor enclosure while mother Mei Xiang eats bamboo.,alt_text,nzp_posts,2021-04-02T10:58:07-04:00,True,0.0778,https://nationalzoo.si.edu/animals/news/pandastory-mother-son,,,"#PandaStory: Like Mother, Like Son",
images/nzp_posts_pandastory-mother-son_2.jpg,"On March 22, giant panda cub Xiao Qi Ji had his first taste of apples and pears!",alt_text,nzp_posts,2021-04-02T10:58:07-04:00,False,-0.0252,https://nationalzoo.si.edu/animals/news/pandastory-mother-son,,,"#PandaStory: Like Mother, Like Son",
images/nzp_posts_pandastory-new-field-trip-destination_0.jpg,"A giant panda cub with black-and-white fur, small claws and round ears. Text on the photo reads ""Xiao Qi Ji"" (the cub's name) in English and Mandarin Chinese",alt_text,nzp_posts,2020-11-25T11:29:46-05:00,False,-0.0098,https://nationalzoo.si.edu/animals/news/pandastory-new-field-trip-destination,,,#PandaStory: A New Field Trip Destination,
images/nzp_posts_pandastory-nine-weeks-old_0.jpg,"The Smithsonian's National Zoo's 2-month-old giant panda cub receives his second veterinary exam Oct. 19, 2020.",alt_text,nzp_posts,2020-10-26T15:12:21-04:00,False,-0.041,https://nationalzoo.si.edu/animals/news/pandastory-nine-weeks-old,,,#PandaStory: Nine Weeks Old,
images/nzp_posts_pandastory-observant-cub_0.jpg,Giant panda cub Xiao Qi Ji sitting in the grass.,alt_text,nzp_posts,2021-04-30T14:15:40-04:00,False,-0.0038,https://nationalzoo.si.edu/animals/news/pandastory-observant-cub,,,#PandaStory: An Observant Cub,
images/nzp_posts_pandastory-observant-cub_1.jpg,Giant panda cub Xiao Qi Ji clings to a tree in his outdoor habitat.,alt_text,nzp_posts,2021-04-30T14:15:40-04:00,False,-0.0222,https://nationalzoo.si.edu/animals/news/pandastory-observant-cub,,,#PandaStory: An Observant Cub,
images/nzp_posts_pandastory-packing-pounds_0.jpg,Giant panda keeper Marty Dearie measures the male giant panda cub's abdominal girth.,alt_text,nzp_posts,2020-10-08T11:45:54-04:00,False,-0.0025,https://nationalzoo.si.edu/animals/news/pandastory-packing-pounds,,,#PandaStory: Packing on the Pounds,
images/nzp_posts_pandastory-packing-pounds_1.jpg,Keeper Marty Dearie measures the 6-week-old male giant panda cub's abdominal girth.,alt_text,nzp_posts,2020-10-08T11:45:54-04:00,False,-0.011,https://nationalzoo.si.edu/animals/news/pandastory-packing-pounds,,,#PandaStory: Packing on the Pounds,
images/nzp_posts_pandastory-packing-pounds_2.jpg,The giant panda cub's eyes are fully open!,alt_text,nzp_posts,2020-10-08T11:45:54-04:00,False,-0.0201,https://nationalzoo.si.edu/animals/news/pandastory-packing-pounds,,,#PandaStory: Packing on the Pounds,
images/nzp_posts_pandastory-packing-pounds_3.jpg,The Smithsonian's National Zoo's giant panda cub weighs 4.5 pounds.,alt_text,nzp_posts,2020-10-08T11:45:54-04:00,False,-0.009,https://nationalzoo.si.edu/animals/news/pandastory-packing-pounds,,,#PandaStory: Packing on the Pounds,
images/nzp_posts_pandastory-panda-cub-preschool_0.jpg,A sleepy giant panda cub Xiao Qi Ji cradles a slice of apple in his paws.,alt_text,nzp_posts,2021-05-14T10:00:56-04:00,False,0.0001,https://nationalzoo.si.edu/animals/news/pandastory-panda-cub-preschool,,,#PandaStory: Panda Cub Preschool,
images/nzp_posts_pandastory-panda-cub-preschool_1.jpg,Giant panda cub Xiao Qi Ji eats an apple.,alt_text,nzp_posts,2021-05-14T10:00:56-04:00,False,-0.0193,https://nationalzoo.si.edu/animals/news/pandastory-panda-cub-preschool,,,#PandaStory: Panda Cub Preschool,
images/nzp_posts_pandastory-panda-cub-preschool_2.jpg,Giant panda cub Xiao Qi Ji eats an apple.,alt_text,nzp_posts,2021-05-14T10:00:56-04:00,False,-0.0227,https://nationalzoo.si.edu/animals/news/pandastory-panda-cub-preschool,,,#PandaStory: Panda Cub Preschool,
images/nzp_posts_pandastory-panda-cub-preschool_3.jpg,"Limited-edition Xiao Qi Ji-themed tees, hat and face mask in red, blue and black. Text reads: Panda Power Play: Pandamonium Collection. Available for a limited time only. Shop now.",alt_text,nzp_posts,2021-05-14T10:00:56-04:00,False,0.0027,https://nationalzoo.si.edu/animals/news/pandastory-panda-cub-preschool,,,#PandaStory: Panda Cub Preschool,
images/nzp_posts_pandastory-panda-personality-shines_0.jpg,Giant panda cub Xiao Qi Ji sits atop the rockwork eating an apple.,alt_text,nzp_posts,2021-07-30T10:00:01-04:00,False,-0.0017,https://nationalzoo.si.edu/animals/news/pandastory-panda-personality-shines,,,#PandaStory: A Panda With A Personality That Shines,
images/nzp_posts_pandastory-panda-personality-shines_1.jpg,Giant panda cub Xiao Qi Ji lays on his back and eats an apple juice fruitsicle in his indoor enclosure.,alt_text,nzp_posts,2021-07-30T10:00:01-04:00,False,-0.009,https://nationalzoo.si.edu/animals/news/pandastory-panda-personality-shines,,,#PandaStory: A Panda With A Personality That Shines,
images/nzp_posts_pandastory-parcel-sweet-potato-for-xiao-qi-ji_0.jpg,"Five-month-old giant panda cub Xiao Qi Ji takes his first taste of cooked sweet potato Jan. 21, 2021.",alt_text,nzp_posts,2021-01-22T10:16:30-05:00,False,-0.0146,https://nationalzoo.si.edu/animals/news/pandastory-parcel-sweet-potato-for-xiao-qi-ji,,,#PandaStory: A Parcel of Sweet Potato for Xiao Qi Ji,
images/nzp_posts_pandastory-parcel-sweet-potato-for-xiao-qi-ji_1.jpg,"Five-month-old giant panda cub Xiao Qi Ji takes his first taste of cooked sweet potato Jan. 21, 2021.",alt_text,nzp_posts,2021-01-22T10:16:30-05:00,False,0.0063,https://nationalzoo.si.edu/animals/news/pandastory-parcel-sweet-potato-for-xiao-qi-ji,,,#PandaStory: A Parcel of Sweet Potato for Xiao Qi Ji,
images/nzp_posts_pandastory-parcel-sweet-potato-for-xiao-qi-ji_2.jpg,"Five-month-old giant panda cub Xiao Qi Ji takes his first taste of cooked sweet potato Jan. 21, 2021.",alt_text,nzp_posts,2021-01-22T10:16:30-05:00,False,-0.0144,https://nationalzoo.si.edu/animals/news/pandastory-parcel-sweet-potato-for-xiao-qi-ji,,,#PandaStory: A Parcel of Sweet Potato for Xiao Qi Ji,
images/nzp_posts_pandastory-parcel-sweet-potato-xiao-qi-ji_0.jpg,"Five-month-old giant panda cub Xiao Qi Ji takes his first taste of cooked sweet potato Jan. 21, 2021.",alt_text,nzp_posts,2021-01-22T10:16:30-05:00,False,-0.0146,https://nationalzoo.si.edu/animals/news/pandastory-parcel-sweet-potato-xiao-qi-ji,,,#PandaStory: A Parcel of Sweet Potato for Xiao Qi Ji,
images/nzp_posts_pandastory-parcel-sweet-potato-xiao-qi-ji_1.jpg,"Five-month-old giant panda cub Xiao Qi Ji takes his first taste of cooked sweet potato Jan. 21, 2021.",alt_text,nzp_posts,2021-01-22T10:16:30-05:00,False,0.0063,https://nationalzoo.si.edu/animals/news/pandastory-parcel-sweet-potato-xiao-qi-ji,,,#PandaStory: A Parcel of Sweet Potato for Xiao Qi Ji,
images/nzp_posts_pandastory-parcel-sweet-potato-xiao-qi-ji_2.jpg,"Five-month-old giant panda cub Xiao Qi Ji takes his first taste of cooked sweet potato Jan. 21, 2021.",alt_text,nzp_posts,2021-01-22T10:16:30-05:00,False,-0.0144,https://nationalzoo.si.edu/animals/news/pandastory-parcel-sweet-potato-xiao-qi-ji,,,#PandaStory: A Parcel of Sweet Potato for Xiao Qi Ji,
images/nzp_posts_pandastory-parties-and-pseudopregnancies_0.jpg,Giant panda Mei Xiang rests on a log in her outdoor habitat.,alt_text,nzp_posts,2023-07-31T08:49:41-04:00,False,-0.0216,https://nationalzoo.si.edu/animals/news/pandastory-parties-and-pseudopregnancies,,,#PandaStory: Parties and Pseudopregnancies,
images/nzp_posts_pandastory-parties-and-pseudopregnancies_1.jpg,Panda urine sample,alt_text,nzp_posts,2023-07-31T08:49:41-04:00,False,-0.0086,https://nationalzoo.si.edu/animals/news/pandastory-parties-and-pseudopregnancies,,,#PandaStory: Parties and Pseudopregnancies,
images/nzp_posts_pandastory-parties-and-pseudopregnancies_2.jpg,"May 4, 2023 | Assistant curator of giant pandas Laurie Thompson gives giant panda Mei Xiang honey water while the team takes her blood pressure.",alt_text,nzp_posts,2023-07-31T08:49:41-04:00,False,-0.008,https://nationalzoo.si.edu/animals/news/pandastory-parties-and-pseudopregnancies,,,#PandaStory: Parties and Pseudopregnancies,
images/nzp_posts_pandastory-playful-panda-cub_0.jpg,"Giant panda cub Xiao Qi Ji climbs the rockwork in his habitat on Jan. 14, 2021.",alt_text,nzp_posts,2021-01-15T13:43:22-05:00,False,0.0033,https://nationalzoo.si.edu/animals/news/pandastory-playful-panda-cub,,,#PandaStory: A Playful Panda Cub,
images/nzp_posts_pandastory-playful-panda-cub_1.jpg,"A young giant panda cub with black-and-white fur, round ears and large paws stands in a tub placed on top of a scale, so keepers can record his weight.",alt_text,nzp_posts,2021-01-15T13:43:22-05:00,False,-0.0232,https://nationalzoo.si.edu/animals/news/pandastory-playful-panda-cub,,,#PandaStory: A Playful Panda Cub,
images/nzp_posts_pandastory-pool-playtime-for-xiao-qi-ji_0.jpg,"Giant panda cub Xiao Qi Ji stands on his climbing structure, looking straight at the viewer.",alt_text,nzp_posts,2021-12-21T10:23:30-05:00,False,-0.0044,https://nationalzoo.si.edu/animals/news/pandastory-pool-playtime-for-xiao-qi-ji,,,#PandaStory: Pool Playtime For Xiao Qi Ji,
images/nzp_posts_pandastory-pool-playtime-for-xiao-qi-ji_1.jpg,"An ad for panda merchandise featuring a T-shirt, hat, mug and tote. The text reads: ""Just in time for the holidays, shop the best of Xiao Qi Ji collection, limited time only! shop now""",alt_text,nzp_posts,2021-12-21T10:23:30-05:00,False,-0.0035,https://nationalzoo.si.edu/animals/news/pandastory-pool-playtime-for-xiao-qi-ji,,,#PandaStory: Pool Playtime For Xiao Qi Ji,
images/nzp_posts_pandastory-pool-playtime-xiao-qi-ji_0.jpg,"Giant panda cub Xiao Qi Ji stands on his climbing structure, looking straight at the viewer.",alt_text,nzp_posts,2021-12-21T10:23:30-05:00,False,-0.0044,https://nationalzoo.si.edu/animals/news/pandastory-pool-playtime-xiao-qi-ji,,,#PandaStory: Pool Playtime For Xiao Qi Ji,
images/nzp_posts_pandastory-pool-playtime-xiao-qi-ji_1.jpg,"An ad for panda merchandise featuring a T-shirt, hat, mug and tote. The text reads: ""Just in time for the holidays, shop the best of Xiao Qi Ji collection, limited time only! shop now""",alt_text,nzp_posts,2021-12-21T10:23:30-05:00,False,-0.0035,https://nationalzoo.si.edu/animals/news/pandastory-pool-playtime-xiao-qi-ji,,,#PandaStory: Pool Playtime For Xiao Qi Ji,
images/nzp_posts_pandastory-pumpkins-and-snack-o-lanterns_0.jpg,The Zoo's 10-week-old giant panda cub received a pumpkin as enrichment for Halloween.,alt_text,nzp_posts,2020-11-02T16:55:57-05:00,False,-0.0348,https://nationalzoo.si.edu/animals/news/pandastory-pumpkins-and-snack-o-lanterns,,,#PandaStory: Pumpkins and Snack-O-Lanterns,
images/nzp_posts_pandastory-pumpkins-and-snack-o-lanterns_1.jpg,The Zoo's 10-week-old giant panda cub received a pumpkin as enrichment for Halloween.,alt_text,nzp_posts,2020-11-02T16:55:57-05:00,False,-0.0244,https://nationalzoo.si.edu/animals/news/pandastory-pumpkins-and-snack-o-lanterns,,,#PandaStory: Pumpkins and Snack-O-Lanterns,
images/nzp_posts_pandastory-pumpkins-and-snack-o-lanterns_2.jpg,Tian Tian and Mei Xiang received pumpkin-shaped treats for Halloween.,alt_text,nzp_posts,2020-11-02T16:55:57-05:00,False,-0.0086,https://nationalzoo.si.edu/animals/news/pandastory-pumpkins-and-snack-o-lanterns,,,#PandaStory: Pumpkins and Snack-O-Lanterns,
images/nzp_posts_pandastory-quick-learner_0.jpg,Giant panda cub Xiao Qi Ji climbs his favorite pine tree.,alt_text,nzp_posts,2021-06-25T11:30:45-04:00,False,-0.0225,https://nationalzoo.si.edu/animals/news/pandastory-quick-learner,,,#PandaStory: A Quick Learner,
images/nzp_posts_pandastory-quick-learner_1.jpg,"Assistant curator of pandas Laurie Thompson holds a ""target"" out towards giant panda cub Xiao Qi Ji, who follows the training tool.",alt_text,nzp_posts,2021-06-25T11:30:45-04:00,False,0.0106,https://nationalzoo.si.edu/animals/news/pandastory-quick-learner,,,#PandaStory: A Quick Learner,
images/nzp_posts_pandastory-quick-learner_2.jpg,"Giant panda cub Xiao Qi Ji paws at a ""target"" (training tool) held by assistant curator of giant pandas Laurie Thompson.",alt_text,nzp_posts,2021-06-25T11:30:45-04:00,False,0.0021,https://nationalzoo.si.edu/animals/news/pandastory-quick-learner,,,#PandaStory: A Quick Learner,
images/nzp_posts_pandastory-quick-learner_3.jpg,"Giant panda cub Xiao Qi Ji touches his nose to a ""target"" training tool, held by assistant curator of giant pandas Laurie Thompson.",alt_text,nzp_posts,2021-06-25T11:30:45-04:00,False,0.0066,https://nationalzoo.si.edu/animals/news/pandastory-quick-learner,,,#PandaStory: A Quick Learner,
images/nzp_posts_pandastory-quick-learner_4.jpg,"Giant panda cub Xiao Qi Ji sits on the floor of his indoor habitat, grasping a bamboo shoot.",alt_text,nzp_posts,2021-06-25T11:30:45-04:00,False,-0.0213,https://nationalzoo.si.edu/animals/news/pandastory-quick-learner,,,#PandaStory: A Quick Learner,
images/nzp_posts_pandastory-quick-learner_5.jpg,Giant panda cub Xiao Qi Ji devours a tasty bamboo shoot.,alt_text,nzp_posts,2021-06-25T11:30:45-04:00,False,-0.0224,https://nationalzoo.si.edu/animals/news/pandastory-quick-learner,,,#PandaStory: A Quick Learner,
images/nzp_posts_pandastory-quick-learner_6.jpg,Giant panda Mei Xiang and her son Xiao Qi Ji stand on a scale in a chute that connects the bears' indoor and outdoor habitats.,alt_text,nzp_posts,2021-06-25T11:30:45-04:00,False,,https://nationalzoo.si.edu/animals/news/pandastory-quick-learner,,,#PandaStory: A Quick Learner,
images/nzp_posts_pandastory-quiet-and-calm-cub_0.jpg,Keeper Marty Dearie measures the Zoo's 9-week-old giant panda cub.,alt_text,nzp_posts,2020-10-30T08:53:06-04:00,False,-0.0088,https://nationalzoo.si.edu/animals/news/pandastory-quiet-and-calm-cub,,,#PandaStory: A Quiet and Calm Cub,
images/nzp_posts_pandastory-quiet-and-calm-cub_1.jpg,The giant panda cub rests on a towel during his weekly exam Oct. 28.,alt_text,nzp_posts,2020-10-30T08:53:06-04:00,False,-0.0256,https://nationalzoo.si.edu/animals/news/pandastory-quiet-and-calm-cub,,,#PandaStory: A Quiet and Calm Cub,
images/nzp_posts_pandastory-quiet-and-calm-cub_2.jpg,Keeper Marty Dearie measures the Zoo's 9-week-old giant panda cub.,alt_text,nzp_posts,2020-10-30T08:53:06-04:00,False,-0.0015,https://nationalzoo.si.edu/animals/news/pandastory-quiet-and-calm-cub,,,#PandaStory: A Quiet and Calm Cub,
images/nzp_posts_pandastory-quiet-and-calm-cub_3.jpg,The Zoo's 9-week-old panda cub fell asleep after keepers took his measurements Oct. 29.,alt_text,nzp_posts,2020-10-30T08:53:06-04:00,False,-0.0306,https://nationalzoo.si.edu/animals/news/pandastory-quiet-and-calm-cub,,,#PandaStory: A Quiet and Calm Cub,
images/nzp_posts_pandastory-ready-for-independence_0.jpg,Xiao Qi Ji eats bamboo in his outdoor habitat.,alt_text,nzp_posts,2023-03-01T11:34:13-05:00,False,-0.0001,https://nationalzoo.si.edu/animals/news/pandastory-ready-for-independence,,,#PandaStory: Ready For Independence,
images/nzp_posts_pandastory-ready-for-independence_1.jpg,Giant panda Xiao Qi Ji (foreground) and his mother Mei Xiang eat bamboo side-by-side.,alt_text,nzp_posts,2023-03-01T11:34:13-05:00,False,0.0011,https://nationalzoo.si.edu/animals/news/pandastory-ready-for-independence,,,#PandaStory: Ready For Independence,
images/nzp_posts_pandastory-ready-for-independence_2.jpg,Giant Panda cub Xiao Qi Ji sticks his nose in his 2nd birthday ice cake on the rock formation in the front of an outdoor yard. The cake has a red 2 on the front and various colors on the side. Bamboo sticks out the top and back of the ice cake.,alt_text,nzp_posts,2023-03-01T11:34:13-05:00,False,-0.0063,https://nationalzoo.si.edu/animals/news/pandastory-ready-for-independence,,,#PandaStory: Ready For Independence,
images/nzp_posts_pandastory-ready-independence_0.jpg,Xiao Qi Ji eats bamboo in his outdoor habitat.,alt_text,nzp_posts,2023-03-01T11:34:13-05:00,False,-0.0001,https://nationalzoo.si.edu/animals/news/pandastory-ready-independence,,,#PandaStory: Ready For Independence,
images/nzp_posts_pandastory-ready-independence_1.jpg,Giant panda Xiao Qi Ji (foreground) and his mother Mei Xiang eat bamboo side-by-side.,alt_text,nzp_posts,2023-03-01T11:34:13-05:00,False,0.0011,https://nationalzoo.si.edu/animals/news/pandastory-ready-independence,,,#PandaStory: Ready For Independence,
images/nzp_posts_pandastory-ready-independence_2.jpg,Giant Panda cub Xiao Qi Ji sticks his nose in his 2nd birthday ice cake on the rock formation in the front of an outdoor yard. The cake has a red 2 on the front and various colors on the side. Bamboo sticks out the top and back of the ice cake.,alt_text,nzp_posts,2023-03-01T11:34:13-05:00,False,-0.0063,https://nationalzoo.si.edu/animals/news/pandastory-ready-independence,,,#PandaStory: Ready For Independence,
images/nzp_posts_pandastory-second-veterinary-exam_0.jpg,"The Smithsonian's National Zoo's 2-month-old giant panda cub receives his second veterinary exam Oct. 19, 2020.",alt_text,nzp_posts,2020-10-22T13:52:43-04:00,False,-0.0364,https://nationalzoo.si.edu/animals/news/pandastory-second-veterinary-exam,,,#PandaStory: Second Veterinary Exam,
images/nzp_posts_pandastory-second-veterinary-exam_1.jpg,"The Smithsonian's National Zoo's 2-month-old giant panda cub receives his second veterinary exam Oct. 19, 2020.",alt_text,nzp_posts,2020-10-22T13:52:43-04:00,False,-0.0402,https://nationalzoo.si.edu/animals/news/pandastory-second-veterinary-exam,,,#PandaStory: Second Veterinary Exam,
images/nzp_posts_pandastory-second-veterinary-exam_2.jpg,"The Smithsonian's National Zoo's 2-month-old giant panda cub receives his second veterinary exam Oct. 19, 2020.",alt_text,nzp_posts,2020-10-22T13:52:43-04:00,False,-0.0372,https://nationalzoo.si.edu/animals/news/pandastory-second-veterinary-exam,,,#PandaStory: Second Veterinary Exam,
images/nzp_posts_pandastory-short-and-sweet-potato-update_0.jpg,Five-month-old giant panda cub Xiao Qi Ji leans against rockwork in his habitat with one paw up on a cylindrical-shaped enrichment toy and nibbles on his first biscuit.,alt_text,nzp_posts,2021-02-12T11:49:00-05:00,False,-0.0007,https://nationalzoo.si.edu/animals/news/pandastory-short-and-sweet-potato-update,,,#PandaStory: A Short and Sweet (Potato) Update,
images/nzp_posts_pandastory-short-and-sweet-potato-update_1.jpg,Five-month-old giant panda cub Xiao Qi Ji lays on his back and licks cooked sweet potato off an enrichment toy cradled in his arms.,alt_text,nzp_posts,2021-02-12T11:49:00-05:00,False,-0.0099,https://nationalzoo.si.edu/animals/news/pandastory-short-and-sweet-potato-update,,,#PandaStory: A Short and Sweet (Potato) Update,
images/nzp_posts_pandastory-short-and-sweet-potato-update_2.jpg,"A giant panda cub sits on rockwork, holding onto a large ""plate"" covered in cooked sweet potato",alt_text,nzp_posts,2021-02-12T11:49:00-05:00,False,-0.0278,https://nationalzoo.si.edu/animals/news/pandastory-short-and-sweet-potato-update,,,#PandaStory: A Short and Sweet (Potato) Update,
images/nzp_posts_pandastory-short-and-sweet-potato-update_3.jpg,Five-month-old giant panda cub Xiao Qi Ji crawls over a pile of bamboo on the rockwork in his indoor habitat.,alt_text,nzp_posts,2021-02-12T11:49:00-05:00,False,-0.0152,https://nationalzoo.si.edu/animals/news/pandastory-short-and-sweet-potato-update,,,#PandaStory: A Short and Sweet (Potato) Update,
images/nzp_posts_pandastory-short-and-sweet-potato-update_4.jpg,giant panda climbing structure and hammock,alt_text,nzp_posts,2021-02-12T11:49:00-05:00,True,0.0947,https://nationalzoo.si.edu/animals/news/pandastory-short-and-sweet-potato-update,,,#PandaStory: A Short and Sweet (Potato) Update,
images/nzp_posts_pandastory-six-weeks-old_0.jpg,The Zoo's 6-week-old giant panda cub is just starting to open its eyes.,alt_text,nzp_posts,2020-10-02T10:08:13-04:00,False,-0.0231,https://nationalzoo.si.edu/animals/news/pandastory-six-weeks-old,,,#PandaStory: Six Weeks Old,
images/nzp_posts_pandastory-splashing-good-time_0.jpg,"Giant panda cub Xiao Qi Ji stands on the wooden play structure, looking at the viewer.",alt_text,nzp_posts,2021-09-24T08:59:59-04:00,False,-0.0036,https://nationalzoo.si.edu/animals/news/pandastory-splashing-good-time,,,#PandaStory: A Splashing Good Time,
images/nzp_posts_pandastory-splashing-good-time_1.jpg,"Giant panda cub Xiao Qi Ji holds onto the wooden play structure, upside-down",alt_text,nzp_posts,2021-09-24T08:59:59-04:00,False,-0.0045,https://nationalzoo.si.edu/animals/news/pandastory-splashing-good-time,,,#PandaStory: A Splashing Good Time,
images/nzp_posts_pandastory-splashing-good-time_2.jpg,"Giant panda cub Xiao Qi Ji holds onto the wooden play structure, upside-down",alt_text,nzp_posts,2021-09-24T08:59:59-04:00,False,0.0084,https://nationalzoo.si.edu/animals/news/pandastory-splashing-good-time,,,#PandaStory: A Splashing Good Time,
images/nzp_posts_pandastory-splashing-good-time_3.jpg,"Giant panda cub Xiao Qi Ji holds onto the wooden play structure, sitting up and looking to the left",alt_text,nzp_posts,2021-09-24T08:59:59-04:00,False,0.0051,https://nationalzoo.si.edu/animals/news/pandastory-splashing-good-time,,,#PandaStory: A Splashing Good Time,
images/nzp_posts_pandastory-splashing-good-time_4.jpg,Giant panda mother Mei Xiang (left) and her son Xiao Qi Ji (right) sit next to each other in the grass.,alt_text,nzp_posts,2021-09-24T08:59:59-04:00,False,-0.006,https://nationalzoo.si.edu/animals/news/pandastory-splashing-good-time,,,#PandaStory: A Splashing Good Time,
images/nzp_posts_pandastory-symbol-inspiration-and-hope_0.jpg,"Giant panda cub Xiao Qi Ji scales the rockwork in his habitat Jan. 6, 2021.",alt_text,nzp_posts,2021-01-08T08:59:01-05:00,False,-0.0405,https://nationalzoo.si.edu/animals/news/pandastory-symbol-inspiration-and-hope,,,#PandaStory: A Symbol of Inspiration and Hope,
images/nzp_posts_pandastory-symbol-inspiration-and-hope_1.jpg,"A young giant panda cub with black-and-white fur, round ears and small claws stands on a table in the indoor panda habitat at the Smithsonian's National Zoo during a routine exam",alt_text,nzp_posts,2021-01-08T08:59:01-05:00,False,-0.0218,https://nationalzoo.si.edu/animals/news/pandastory-symbol-inspiration-and-hope,,,#PandaStory: A Symbol of Inspiration and Hope,
images/nzp_posts_pandastory-teething-and-adventure-time_0.jpg,"Giant panda cub on Nov. 9, 2020 during a keeper exam.",alt_text,nzp_posts,2020-11-12T13:01:11-05:00,False,-0.0305,https://nationalzoo.si.edu/animals/news/pandastory-teething-and-adventure-time,,,#PandaStory: Teething and Adventure Time,
images/nzp_posts_pandastory-teething-and-adventure-time_1.jpg,"Giant panda cub at 11 weeks old on Nov. 9, 2020.",alt_text,nzp_posts,2020-11-12T13:01:11-05:00,False,-0.0265,https://nationalzoo.si.edu/animals/news/pandastory-teething-and-adventure-time,,,#PandaStory: Teething and Adventure Time,
images/nzp_posts_pandastory-teething-and-adventure-time_2.jpg,The Zoo's 11-week-old panda cub during his weekly keeper checkup.,alt_text,nzp_posts,2020-11-12T13:01:11-05:00,False,-0.0247,https://nationalzoo.si.edu/animals/news/pandastory-teething-and-adventure-time,,,#PandaStory: Teething and Adventure Time,
images/nzp_posts_pandastory-tickles-and-treasure-hunting-xiao-qi-ji_0.jpg,Giant panda cub Xiao Qi Ji climbs on logs in his outdoor habitat.,alt_text,nzp_posts,2022-02-25T08:59:16-05:00,False,0.0007,https://nationalzoo.si.edu/animals/news/pandastory-tickles-and-treasure-hunting-xiao-qi-ji,,,#PandaStory: Tickles and Treasure Hunting With Xiao Qi Ji,
images/nzp_posts_pandastory-tumbles-and-toys_0.jpg,"Giant panda cub Xiao Qi Ji Jan. 6, 2021.",alt_text,nzp_posts,2021-01-11T15:13:21-05:00,False,-0.0394,https://nationalzoo.si.edu/animals/news/pandastory-tumbles-and-toys,,,#PandaStory: Tumbles and Toys,
images/nzp_posts_pandastory-tumbles-and-toys_1.jpg,"Giant panda cub Xiao Qi Ji climbs the rockwork of his enclosure Jan. 6, 2021.",alt_text,nzp_posts,2021-01-11T15:13:21-05:00,False,-0.0097,https://nationalzoo.si.edu/animals/news/pandastory-tumbles-and-toys,,,#PandaStory: Tumbles and Toys,
images/nzp_posts_pandastory-tumbles-and-toys_2.jpg,"Giant panda cub Xiao Qi Ji is weighed in a tub Jan. 6, 2021.",alt_text,nzp_posts,2021-01-11T15:13:21-05:00,False,-0.0236,https://nationalzoo.si.edu/animals/news/pandastory-tumbles-and-toys,,,#PandaStory: Tumbles and Toys,
images/nzp_posts_pandastory-tumbles-and-toys_3.jpg,Giant panda cub Xiao Qi Ji gnaws on an enrichment puzzle feeder.,alt_text,nzp_posts,2021-01-11T15:13:21-05:00,False,-0.0306,https://nationalzoo.si.edu/animals/news/pandastory-tumbles-and-toys,,,#PandaStory: Tumbles and Toys,
images/nzp_posts_pandastory-two-birthdays-are-twice-nice_0.jpg,Giant pandas Mei Xiang (left) and Xiao Qi Ji (right) enjoy a fruitsicle cake in honor of Xiao Qi Ji's first birthday.,alt_text,nzp_posts,2021-08-27T08:59:59-04:00,False,0.012,https://nationalzoo.si.edu/animals/news/pandastory-two-birthdays-are-twice-nice,,,#PandaStory: Two Birthdays Are Twice As Nice,
images/nzp_posts_pandastory-two-birthdays-are-twice-nice_1.jpg,Giant pandas Xiao Qi Ji (foreground) and Mei Xiang (background) celebrate Xiao Qi Ji's birthday with a panda-friendly fuitsicle cake.,alt_text,nzp_posts,2021-08-27T08:59:59-04:00,False,0.0051,https://nationalzoo.si.edu/animals/news/pandastory-two-birthdays-are-twice-nice,,,#PandaStory: Two Birthdays Are Twice As Nice,
images/nzp_posts_pandastory-two-birthdays-are-twice-nice_2.jpg,Giant panda Xiao Qi Ji holds a heart made of frozen diluted apple juice.,alt_text,nzp_posts,2021-08-27T08:59:59-04:00,False,-0.0056,https://nationalzoo.si.edu/animals/news/pandastory-two-birthdays-are-twice-nice,,,#PandaStory: Two Birthdays Are Twice As Nice,
images/nzp_posts_pandastory-two-birthdays-are-twice-nice_3.jpg,Giant panda cub Xiao Qi Ji sits on rockwork indoors eating a leafy branch,alt_text,nzp_posts,2021-08-27T08:59:59-04:00,False,-0.0132,https://nationalzoo.si.edu/animals/news/pandastory-two-birthdays-are-twice-nice,,,#PandaStory: Two Birthdays Are Twice As Nice,
images/nzp_posts_pandastory-two-birthdays-are-twice-nice_4.jpg,Giant panda cub Xiao Qi Ji stands on rockwork indoors with some pieces of browse (leafy branches) on nearby rocks,alt_text,nzp_posts,2021-08-27T08:59:59-04:00,False,-0.0118,https://nationalzoo.si.edu/animals/news/pandastory-two-birthdays-are-twice-nice,,,#PandaStory: Two Birthdays Are Twice As Nice,
images/nzp_posts_pandastory-two-birthdays-are-twice-nice_5.jpg,Giant panda Tian Tian rests in a tree in his outdoor habitat.,alt_text,nzp_posts,2021-08-27T08:59:59-04:00,False,-0.0313,https://nationalzoo.si.edu/animals/news/pandastory-two-birthdays-are-twice-nice,,,#PandaStory: Two Birthdays Are Twice As Nice,
images/nzp_posts_pandastory-two-birthdays-are-twice-nice_6.jpg,Giant panda keeper Mariel Lally models products featured in Xiao Qi Ji's first birthday merch drop.,alt_text,nzp_posts,2021-08-27T08:59:59-04:00,False,,https://nationalzoo.si.edu/animals/news/pandastory-two-birthdays-are-twice-nice,,,#PandaStory: Two Birthdays Are Twice As Nice,
images/nzp_posts_pandastory-venturing-where-sidewalk-ends_0.jpg,Giant panda cub Xiao Qi Ji walks tentatively onto the concrete outside the panda house that leads to the grassy yard behind him,alt_text,nzp_posts,2021-02-19T12:59:59-05:00,True,0.0324,https://nationalzoo.si.edu/animals/news/pandastory-venturing-where-sidewalk-ends,,,#PandaStory: Venturing Where the Sidewalk Ends,
images/nzp_posts_pandastory-venturing-where-sidewalk-ends_1.jpg,"Giant panda cub Xiao Qi Ji stands on his hind legs and sniffs the stone wall of the panda house, as he explores outside for the first time.",alt_text,nzp_posts,2021-02-19T12:59:59-05:00,False,0.0205,https://nationalzoo.si.edu/animals/news/pandastory-venturing-where-sidewalk-ends,,,#PandaStory: Venturing Where the Sidewalk Ends,
images/nzp_posts_pandastory-weekend-field-trip_0.jpg,"Giant panda cub during its keeper exam Oct. 14, 2020.",alt_text,nzp_posts,2020-10-19T15:13:02-04:00,False,-0.0287,https://nationalzoo.si.edu/animals/news/pandastory-weekend-field-trip,,,#PandaStory: Weekend Field Trip,
images/nzp_posts_pandastory-winter-comes-early-for-xiao-qi-ji_0.jpg,Giant panda cub Xiao Qi Ji snacks on an apple in his indoor habitat.,alt_text,nzp_posts,2021-11-29T10:24:43-05:00,False,-0.0086,https://nationalzoo.si.edu/animals/news/pandastory-winter-comes-early-for-xiao-qi-ji,,,#PandaStory: Winter Comes Early For Xiao Qi Ji,
images/nzp_posts_pandastory-winter-comes-early-xiao-qi-ji_0.jpg,Giant panda cub Xiao Qi Ji snacks on an apple in his indoor habitat.,alt_text,nzp_posts,2021-11-29T10:24:43-05:00,False,-0.0086,https://nationalzoo.si.edu/animals/news/pandastory-winter-comes-early-xiao-qi-ji,,,#PandaStory: Winter Comes Early For Xiao Qi Ji,
images/nzp_posts_pandastory-xiao-qi-ji-belly-slides-snow_0.jpg,Giant pandas Mei Xiang and Xiao Qi Ji eat sugar cane in their outdoor habitat.,alt_text,nzp_posts,2022-01-28T11:36:45-05:00,False,0.0171,https://nationalzoo.si.edu/animals/news/pandastory-xiao-qi-ji-belly-slides-snow,,,#PandaStory: Xiao Qi Ji Belly Slides in the Snow,
images/nzp_posts_pandastory-xiao-qi-ji-belly-slides-snow_1.jpg,Giant panda cub Xiao Qi Ji's footprint in the snow.,alt_text,nzp_posts,2022-01-28T11:36:45-05:00,False,0.0091,https://nationalzoo.si.edu/animals/news/pandastory-xiao-qi-ji-belly-slides-snow,,,#PandaStory: Xiao Qi Ji Belly Slides in the Snow,
images/nzp_posts_pandastory-xiao-qi-ji-belly-slides-snow_2.jpg,Giant panda mother Mei Xiang's footprint in the snow.,alt_text,nzp_posts,2022-01-28T11:36:45-05:00,False,0.0048,https://nationalzoo.si.edu/animals/news/pandastory-xiao-qi-ji-belly-slides-snow,,,#PandaStory: Xiao Qi Ji Belly Slides in the Snow,
images/nzp_posts_pandastory-xiao-qi-ji-belly-slides-snow_3.jpg,Giant panda father Tian Tian's paw prints in the snow.,alt_text,nzp_posts,2022-01-28T11:36:45-05:00,False,-0.0002,https://nationalzoo.si.edu/animals/news/pandastory-xiao-qi-ji-belly-slides-snow,,,#PandaStory: Xiao Qi Ji Belly Slides in the Snow,
images/nzp_posts_pandastory-xiao-qi-ji-belly-slides-snow_4.jpg,Giant panda Tian Tian eats a piece of sugar cane in the snow.,alt_text,nzp_posts,2022-01-28T11:36:45-05:00,False,-0.0024,https://nationalzoo.si.edu/animals/news/pandastory-xiao-qi-ji-belly-slides-snow,,,#PandaStory: Xiao Qi Ji Belly Slides in the Snow,
images/nzp_posts_pandastory-xiao-qi-ji-explores-his-new-habitat_0.jpg,Giant panda cub Xiao Qi Ji snacks on a piece of sugar cane outside the Panda House.,alt_text,nzp_posts,2022-12-20T12:20:04-05:00,False,-0.0012,https://nationalzoo.si.edu/animals/news/pandastory-xiao-qi-ji-explores-his-new-habitat,,,#PandaStory: Xiao Qi Ji Explores His New Habitat,
images/nzp_posts_pandastory-xiao-qi-ji-explores-his-new-habitat_1.jpg,"Giant panda Xiao Qi Ji snacks on a piece of sugar cane outside the Panda House Dec. 8, 2022.",alt_text,nzp_posts,2022-12-20T12:20:04-05:00,False,-0.0091,https://nationalzoo.si.edu/animals/news/pandastory-xiao-qi-ji-explores-his-new-habitat,,,#PandaStory: Xiao Qi Ji Explores His New Habitat,
images/nzp_posts_pandastory-xiao-qi-ji-explores-his-new-habitat_2.jpg,"Giant panda Xiao Qi Ji snacks on a piece of sugar cane outside the Panda House Dec. 8, 2022.",alt_text,nzp_posts,2022-12-20T12:20:04-05:00,False,-0.0098,https://nationalzoo.si.edu/animals/news/pandastory-xiao-qi-ji-explores-his-new-habitat,,,#PandaStory: Xiao Qi Ji Explores His New Habitat,
images/nzp_posts_pandastory-xiao-qi-ji-move_0.jpg,Dec. 9 | Chief veterinarian Dr. Don Neiffer examines 3.5-month-old giant panda cub Xiao Qi Ji.,alt_text,nzp_posts,2020-12-11T10:04:25-05:00,False,-0.0211,https://nationalzoo.si.edu/animals/news/pandastory-xiao-qi-ji-move,,,#PandaStory: Xiao Qi Ji Is On The Move,
images/nzp_posts_pandastory-xiao-qi-ji-move_1.jpg,Dec. 11 | Veterinary technician Brad Dixon and chief veterinarian Dr. Don Neiffer weigh giant panda cub Xiao Qi Ji.,alt_text,nzp_posts,2020-12-11T10:04:25-05:00,False,0.0145,https://nationalzoo.si.edu/animals/news/pandastory-xiao-qi-ji-move,,,#PandaStory: Xiao Qi Ji Is On The Move,
images/nzp_posts_pandastory-xiao-qi-ji-move_2.jpg,Dec. 9 | Dr. Don Neiffer listens to Xiao Qi Ji's heart and lungs while veterinary technician Brad Dixon holds the giant panda cub.,alt_text,nzp_posts,2020-12-11T10:04:25-05:00,False,-0.0142,https://nationalzoo.si.edu/animals/news/pandastory-xiao-qi-ji-move,,,#PandaStory: Xiao Qi Ji Is On The Move,
images/nzp_posts_pandastory-xiao-qi-ji-move_3.jpg,Dec. 9 | Dr. Don Neiffer examines giant panda cub Xiao Qi Ji's eyes while veterinary technician Brad Dixon holds him steady.,alt_text,nzp_posts,2020-12-11T10:04:25-05:00,False,-0.021,https://nationalzoo.si.edu/animals/news/pandastory-xiao-qi-ji-move,,,#PandaStory: Xiao Qi Ji Is On The Move,
images/nzp_posts_pandastory-xiao-qi-ji-roll_0.jpg,"Giant panda cub Xiao Qi Ji rolls down the hill in his outdoor habitat on Jan. 19, 2023.",alt_text,nzp_posts,2023-01-26T12:04:01-05:00,True,0.0612,https://nationalzoo.si.edu/animals/news/pandastory-xiao-qi-ji-roll,,,#PandaStory: Xiao Qi Ji Is On A Roll,
images/nzp_posts_pandastory-xiao-qi-ji-takes-his-first-steps_0.jpg,"Three-month-old giant panda cub Xiao Qi Ji on Dec. 2, 2020 at Smithsonian's National Zoo.",alt_text,nzp_posts,2020-12-04T12:50:49-05:00,False,-0.0498,https://nationalzoo.si.edu/animals/news/pandastory-xiao-qi-ji-takes-his-first-steps,,,#PandaStory: Xiao Qi Ji Takes His First Steps,
images/nzp_posts_pandastory-xiao-qi-ji-takes-his-first-steps_1.jpg,"Three-month-old giant panda cub Xiao Qi Ji on Dec. 2, 2020 at Smithsonian's National Zoo.",alt_text,nzp_posts,2020-12-04T12:50:49-05:00,False,-0.0154,https://nationalzoo.si.edu/animals/news/pandastory-xiao-qi-ji-takes-his-first-steps,,,#PandaStory: Xiao Qi Ji Takes His First Steps,
images/nzp_posts_pandastory-xiao-qi-ji-takes-his-first-steps_2.jpg,"Three-month-old giant panda cub Xiao Qi Ji on Dec. 2, 2020 at Smithsonian's National Zoo.",alt_text,nzp_posts,2020-12-04T12:50:49-05:00,False,-0.026,https://nationalzoo.si.edu/animals/news/pandastory-xiao-qi-ji-takes-his-first-steps,,,#PandaStory: Xiao Qi Ji Takes His First Steps,
images/nzp_posts_pandastory-xiao-qi-ji-vs-rock-wall_0.jpg,"A young giant panda cub with black-and-white fur, round ears and small claws stands on a table in the indoor panda habitat at the Smithsonian's National Zoo during a routine exam",alt_text,nzp_posts,2021-01-01T08:59:01-05:00,False,-0.0171,https://nationalzoo.si.edu/animals/news/pandastory-xiao-qi-ji-vs-rock-wall,,,#PandaStory: Xiao Qi Ji vs. The Rock Wall,
images/nzp_posts_partial-panda-house-closure_0.jpg,a giant panda walks along rocks,alt_text,nzp_posts,2017-08-18T08:41:34-04:00,False,-0.0313,https://nationalzoo.si.edu/animals/news/partial-panda-house-closure,,,Partial Panda House Closure,
images/nzp_posts_restless-night-bei-bei_0.jpg,Giant panda Bei Bei eating a frozen pear,alt_text,nzp_posts,2017-04-04T09:34:30-04:00,False,-0.0188,https://nationalzoo.si.edu/animals/news/restless-night-bei-bei,,,Restless Night for Bei Bei,
images/nzp_posts_restless-night-for-bei-bei_0.jpg,Giant panda Bei Bei eating a frozen pear,alt_text,nzp_posts,2017-04-04T09:34:30-04:00,False,-0.0188,https://nationalzoo.si.edu/animals/news/restless-night-for-bei-bei,,,Restless Night for Bei Bei,
images/nzp_posts_saving-iconic-giant-panda_0.jpg,Bao Bao eats bamboo at the Smithsonian's National Zoo.,alt_text,nzp_posts,2017-02-16T09:08:06-05:00,False,0.0104,https://nationalzoo.si.edu/animals/news/saving-iconic-giant-panda,,,Saving the Iconic Giant Panda,
images/nzp_posts_science-behind-giant-panda-veterinary-care_0.jpg,Giant panda cub Xiao Qi Ji sits and eats bamboo while leaning with his back against a tree.,alt_text,nzp_posts,2023-05-22T12:46:28-04:00,False,0.0066,https://nationalzoo.si.edu/animals/news/science-behind-giant-panda-veterinary-care,,,The Science Behind Giant Panda Veterinary Care,
images/nzp_posts_science-behind-giant-panda-veterinary-care_1.jpg,Giant panda Xiao Qi Ji eats a piece of sugar cane in the apron between his indoor and outdoor habitats.,alt_text,nzp_posts,2023-05-22T12:46:28-04:00,False,-0.0231,https://nationalzoo.si.edu/animals/news/science-behind-giant-panda-veterinary-care,,,The Science Behind Giant Panda Veterinary Care,
images/nzp_posts_science-behind-giant-panda-veterinary-care_2.jpg,Male giant panda Tian Tian at the Smithsonian's National Zoo,alt_text,nzp_posts,2023-05-22T12:46:28-04:00,False,-0.028,https://nationalzoo.si.edu/animals/news/science-behind-giant-panda-veterinary-care,,,The Science Behind Giant Panda Veterinary Care,
images/nzp_posts_science-behind-giant-panda-veterinary-care_3.jpg,Giant panda Mei Xiang sits in the grass eating bamboo in her outdoor habitat at the Smithsonian's National Zoo,alt_text,nzp_posts,2023-05-22T12:46:28-04:00,False,-0.0254,https://nationalzoo.si.edu/animals/news/science-behind-giant-panda-veterinary-care,,,The Science Behind Giant Panda Veterinary Care,
images/nzp_posts_science-behind-giant-panda-veterinary-care_4.jpg,"Giant panda cub Xiao Qi Ji touches his nose to a ""target"" training tool, held by assistant curator of giant pandas Laurie Thompson.",alt_text,nzp_posts,2023-05-22T12:46:28-04:00,False,0.0066,https://nationalzoo.si.edu/animals/news/science-behind-giant-panda-veterinary-care,,,The Science Behind Giant Panda Veterinary Care,
images/nzp_posts_science-behind-giant-panda-veterinary-care_5.jpg,"May 4, 2023 | Giant panda Mei Xiang voluntarily participates in an awake blood draw.",alt_text,nzp_posts,2023-05-22T12:46:28-04:00,False,-0.0155,https://nationalzoo.si.edu/animals/news/science-behind-giant-panda-veterinary-care,,,The Science Behind Giant Panda Veterinary Care,
images/nzp_posts_science-behind-giant-panda-veterinary-care_6.jpg,"Giant panda cub Xiao Qi Ji participates in his first blood draw procedure Oct. 17, 2022.",alt_text,nzp_posts,2023-05-22T12:46:28-04:00,False,,https://nationalzoo.si.edu/animals/news/science-behind-giant-panda-veterinary-care,,,The Science Behind Giant Panda Veterinary Care,
images/nzp_posts_science-behind-giant-panda-veterinary-care_7.jpg,"May 4, 2023 | Giant panda Mei Xiang receives photobiomodulation therapy treatment on her left shoulder from one of the Zoo's veterinary technicians.",alt_text,nzp_posts,2023-05-22T12:46:28-04:00,False,,https://nationalzoo.si.edu/animals/news/science-behind-giant-panda-veterinary-care,,,The Science Behind Giant Panda Veterinary Care,
images/nzp_posts_science-behind-giant-panda-veterinary-care_8.jpg,"March 31, 2018 | Zoo veterinarian Katharine Hope administers laser therapy to giant panda Tian Tian's left shoulder.",alt_text,nzp_posts,2023-05-22T12:46:28-04:00,False,,https://nationalzoo.si.edu/animals/news/science-behind-giant-panda-veterinary-care,,,The Science Behind Giant Panda Veterinary Care,
images/nzp_posts_science-behind-giant-panda-veterinary-care_9.jpg,"March 29, 2023 | Giant panda Mei Xiang participates in a cardiac ultrasound.",alt_text,nzp_posts,2023-05-22T12:46:28-04:00,False,,https://nationalzoo.si.edu/animals/news/science-behind-giant-panda-veterinary-care,,,The Science Behind Giant Panda Veterinary Care,
images/nzp_posts_science-behind-giant-panda-veterinary-care_10.jpg,"March 30, 2023 | Giant panda Tian Tian participates in a cardiac ultrasound.",alt_text,nzp_posts,2023-05-22T12:46:28-04:00,False,,https://nationalzoo.si.edu/animals/news/science-behind-giant-panda-veterinary-care,,,The Science Behind Giant Panda Veterinary Care,
images/nzp_posts_science-behind-giant-panda-veterinary-care_11.jpg,"May 4, 2023 | Assistant curator of giant pandas Laurie Thompson gives giant panda Mei Xiang honey water while the team takes her blood pressure.",alt_text,nzp_posts,2023-05-22T12:46:28-04:00,False,,https://nationalzoo.si.edu/animals/news/science-behind-giant-panda-veterinary-care,,,The Science Behind Giant Panda Veterinary Care,
images/nzp_posts_science-behind-giant-panda-veterinary-care_12.jpg,"May 4, 2023 | Giant panda Mei Xiang receives honey-flavored water while the giant panda team measures her blood pressure.",alt_text,nzp_posts,2023-05-22T12:46:28-04:00,False,,https://nationalzoo.si.edu/animals/news/science-behind-giant-panda-veterinary-care,,,The Science Behind Giant Panda Veterinary Care,
images/nzp_posts_science-behind-giant-panda-veterinary-care_13.jpg,"May 4, 2023 | Zoo veterinarians perform an abdominal ultrasound on giant panda Mei Xiang while a keeper rewards her with honey-flavored water.",alt_text,nzp_posts,2023-05-22T12:46:28-04:00,False,,https://nationalzoo.si.edu/animals/news/science-behind-giant-panda-veterinary-care,,,The Science Behind Giant Panda Veterinary Care,
images/nzp_posts_science-behind-giant-panda-veterinary-care_14.jpg,Giant panda Xiao Qi Ji eats bamboo in his outdoor habitat.,alt_text,nzp_posts,2023-05-22T12:46:28-04:00,False,,https://nationalzoo.si.edu/animals/news/science-behind-giant-panda-veterinary-care,,,The Science Behind Giant Panda Veterinary Care,
images/nzp_posts_search-three-ounce-bundle-panda_0.jpg,Mei Xiang receives an ultrasound,alt_text,nzp_posts,2017-08-11T13:41:14-04:00,False,0.0174,https://nationalzoo.si.edu/animals/news/search-three-ounce-bundle-panda,,,In Search of a Three-ounce Bundle of Panda,
images/nzp_posts_second-cub-born_0.jpg,Giant panda cub in the hands of a veterinarian,alt_text,nzp_posts,2015-08-23T00:00:00-04:00,False,-0.0543,https://nationalzoo.si.edu/animals/news/second-cub-born,,,A second Cub is Born!,
images/nzp_posts_snapshot-bei-bei-pictures_0.jpg,"Sept. 8, 2019: Giant panda cub Bei Bei at 2 weeks old.",alt_text,nzp_posts,2019-11-08T16:02:12-05:00,False,-0.0191,https://nationalzoo.si.edu/animals/news/snapshot-bei-bei-pictures,,,Snapshot: Bei Bei in Pictures,
images/nzp_posts_snapshot-bei-bei-pictures_1.jpg,"Sept. 8, 2019: Giant panda cub Bei Bei at 2 weeks old.",alt_text,nzp_posts,2019-11-08T16:02:12-05:00,False,-0.0108,https://nationalzoo.si.edu/animals/news/snapshot-bei-bei-pictures,,,Snapshot: Bei Bei in Pictures,
images/nzp_posts_subtle-behavioral-changes-mei-xiang_0.jpg,Mei Xiang,alt_text,nzp_posts,2018-06-21T16:12:44-04:00,False,-0.0301,https://nationalzoo.si.edu/animals/news/subtle-behavioral-changes-mei-xiang,,,Subtle Behavioral Changes in Mei Xiang,
images/nzp_posts_three-bearthdays-panda-family-fete_0.jpg,Giant Panda cub Xiao Qi Ji sticks his nose in his 2nd birthday ice cake on the rock formation in the front of an outdoor yard. The cake has a red 2 on the front and various colors on the side. Bamboo sticks out the top and back of the ice cake.,alt_text,nzp_posts,2022-09-09T08:45:01-04:00,False,-0.007,https://nationalzoo.si.edu/animals/news/three-bearthdays-panda-family-fete,,,Three Bearthdays: A Panda Family Fête,
images/nzp_posts_three-bearthdays-panda-family-fete_1.jpg,Giant Panda cub Xiao Qi Ji sticks his nose in his 2nd birthday ice cake on the rock formation in the front of an outdoor yard. The cake has a red 2 on the front and various colors on the side. Bamboo sticks out the top and back of the ice cake.,alt_text,nzp_posts,2022-09-09T08:45:01-04:00,False,-0.0023,https://nationalzoo.si.edu/animals/news/three-bearthdays-panda-family-fete,,,Three Bearthdays: A Panda Family Fête,
images/nzp_posts_tian-tian-and-bei-bei-have-new-hammocks_0.jpg,Tian Tian on hammock,alt_text,nzp_posts,2018-06-29T13:02:29-04:00,True,0.0299,https://nationalzoo.si.edu/animals/news/tian-tian-and-bei-bei-have-new-hammocks,,,Tian Tian and Bei Bei Have New Hammocks!,
images/nzp_posts_tian-tian-gets-full-veterinary-checkup_0.jpg,Tian Tian during a full veterinary exam.,alt_text,nzp_posts,2017-11-15T09:26:02-05:00,False,-0.0549,https://nationalzoo.si.edu/animals/news/tian-tian-gets-full-veterinary-checkup,,,Tian Tian Gets a Full Veterinary Checkup,
images/nzp_posts_tian-tian-gets-full-veterinary-checkup_1.jpg,Dr. Don Neiffer examining Tian Tian during a full veterinary exam.,alt_text,nzp_posts,2017-11-15T09:26:02-05:00,False,-0.069,https://nationalzoo.si.edu/animals/news/tian-tian-gets-full-veterinary-checkup,,,Tian Tian Gets a Full Veterinary Checkup,
images/nzp_posts_tian-tian-gets-full-veterinary-checkup_2.jpg,Tian Tian receiving acupuncture.,alt_text,nzp_posts,2017-11-15T09:26:02-05:00,False,-0.0574,https://nationalzoo.si.edu/animals/news/tian-tian-gets-full-veterinary-checkup,,,Tian Tian Gets a Full Veterinary Checkup,
images/nzp_posts_tian-tian-gets-full-veterinary-checkup_3.jpg,Tian Tian receiving acupuncture.,alt_text,nzp_posts,2017-11-15T09:26:02-05:00,False,-0.0711,https://nationalzoo.si.edu/animals/news/tian-tian-gets-full-veterinary-checkup,,,Tian Tian Gets a Full Veterinary Checkup,
images/nzp_posts_top-10-giant-panda-cub-cam-moments_0.jpg,"Giant panda Mei Xiang cradles her newborn cub Aug. 31, 2020.",alt_text,nzp_posts,2020-09-04T08:56:38-04:00,True,0.0385,https://nationalzoo.si.edu/animals/news/top-10-giant-panda-cub-cam-moments,,,Top 10 Giant Panda Cub Cam Moments,
images/nzp_posts_top-10-precious-panda-cub-moments_0.jpg,Giant panda cub at 10 weeks old.,alt_text,nzp_posts,2020-11-06T16:01:15-05:00,False,-0.0438,https://nationalzoo.si.edu/animals/news/top-10-precious-panda-cub-moments,,,Top 10 Precious Panda Cub Moments,
images/nzp_posts_top-10-precious-panda-cub-moments_1.jpg,A male giant panda cub at about 6 weeks old rests on a yellow towel as veterinarians use a measuring tape to measure how round it is,alt_text,nzp_posts,2020-11-06T16:01:15-05:00,False,0.0031,https://nationalzoo.si.edu/animals/news/top-10-precious-panda-cub-moments,,,Top 10 Precious Panda Cub Moments,
images/nzp_posts_top-10-precious-panda-cub-moments_2.jpg,Keeper Marty Dearie measures the Zoo's 9-week-old giant panda cub.,alt_text,nzp_posts,2020-11-06T16:01:15-05:00,False,-0.0094,https://nationalzoo.si.edu/animals/news/top-10-precious-panda-cub-moments,,,Top 10 Precious Panda Cub Moments,
images/nzp_posts_top-10-precious-panda-cub-moments_3.jpg,The Zoo's 10-week-old giant panda cub received a pumpkin as enrichment for Halloween.,alt_text,nzp_posts,2020-11-06T16:01:15-05:00,False,-0.0342,https://nationalzoo.si.edu/animals/news/top-10-precious-panda-cub-moments,,,Top 10 Precious Panda Cub Moments,
images/nzp_posts_top-5-aww-inspiring-giant-panda-cub-moments_0.jpg,The Smithsonian's National Zoo's 1-month-old giant panda cub.,alt_text,nzp_posts,2020-10-02T08:41:15-04:00,False,-0.0442,https://nationalzoo.si.edu/animals/news/top-5-aww-inspiring-giant-panda-cub-moments,,,Top 5 ‘Aww’-Inspiring Giant Panda Cub Moments,
images/nzp_posts_top-5-aww-inspiring-giant-panda-cub-moments_1.jpg,Keeper Marty Dearie holds the Smithsonian's National Zoo's 3-week-old giant panda cub.,alt_text,nzp_posts,2020-10-02T08:41:15-04:00,False,-0.0172,https://nationalzoo.si.edu/animals/news/top-5-aww-inspiring-giant-panda-cub-moments,,,Top 5 ‘Aww’-Inspiring Giant Panda Cub Moments,
images/nzp_posts_top-5-aww-inspiring-giant-panda-cub-moments_2.jpg,The Zoo's 6-week-old giant panda cub is just starting to open its eyes.,alt_text,nzp_posts,2020-10-02T08:41:15-04:00,False,-0.0279,https://nationalzoo.si.edu/animals/news/top-5-aww-inspiring-giant-panda-cub-moments,,,Top 5 ‘Aww’-Inspiring Giant Panda Cub Moments,
images/nzp_posts_top-8-giant-panda-moments-january-2021_0.jpg,"Five-month-old giant panda cub Xiao Qi Ji takes his first taste of cooked sweet potato Jan. 21, 2021.",alt_text,nzp_posts,2021-02-05T08:58:01-05:00,False,-0.0145,https://nationalzoo.si.edu/animals/news/top-8-giant-panda-moments-january-2021,,,Top 8 Giant Panda Moments in January 2021,
images/nzp_posts_top-8-giant-panda-moments-january-2021_1.jpg,Giant panda cub Xiao Qi Ji stands near a light dusting of snow.,alt_text,nzp_posts,2021-02-05T08:58:01-05:00,False,-0.0027,https://nationalzoo.si.edu/animals/news/top-8-giant-panda-moments-january-2021,,,Top 8 Giant Panda Moments in January 2021,
images/nzp_posts_training-giant-panda-vets_0.jpg,panda under anesthesia,alt_text,nzp_posts,2015-08-04T00:00:00-04:00,False,-0.0301,https://nationalzoo.si.edu/animals/news/training-giant-panda-vets,,,Training Giant Panda Vets,
images/nzp_posts_training-giant-panda-vets_1.jpg,panda ultrasound,alt_text,nzp_posts,2015-08-04T00:00:00-04:00,False,-0.0579,https://nationalzoo.si.edu/animals/news/training-giant-panda-vets,,,Training Giant Panda Vets,
images/nzp_posts_vets-visit-bei-bei_0.jpg,Bei Bei,alt_text,nzp_posts,2016-10-14T00:00:00-04:00,False,-0.0187,https://nationalzoo.si.edu/animals/news/vets-visit-bei-bei,,,The Vets Visit Bei Bei,
images/nzp_posts_watch-panda-xiao-qi-jis-best-moments-2021_0.jpg,Giant panda cub Xiao Qi Ji eating an apple.,alt_text,nzp_posts,2022-01-07T09:50:37-05:00,False,-0.0208,https://nationalzoo.si.edu/animals/news/watch-panda-xiao-qi-jis-best-moments-2021,,,Watch Panda Xiao Qi Ji’s Best Moments of 2021,
